,code,foreign_holding,foreign_room_growth,sum_foreign_net_buy_3,close,close_pct_change_5,momentum_5,volatility_5,volume,vol_MA5,volume_change_3,sharpe,sortino,price_growth_5,foreign_holding_growth,avg_volume_5
0,AAT,590292.0,-0.045286046075317166,-27900.0,3510.0,0.041543026706231556,140.0,43.243496620879306,44400,126360.8,-0.8301310745357299,0.003594268965272964,0.004023874095101036,0.020348837209302327,0.018916581655110273,126360.8
1,AAM,99486.0,0.0020143826924239328,100.0,7250.0,-0.013605442176870763,-100.0,76.61592523751192,4300,2643.2,1.5102159953298306,0.026095577435875088,0.0344172583886617,-0.017615176151761516,-0.12637319212834902,2643.2
2,ACC,7848711.0,,7848711.0,14000.0,0.007194244604316502,100.0,27.386127875257507,6400,6066.6,0.3000203128173877,-0.045057026940380766,-0.06449123414900138,-0.017543859649122806,-0.025625902297554192,33987.4
3,ABT,278364.0,0.04469814677205064,16030.0,69300.0,0.1360655737704919,8300.0,1843.0952227163957,6000,28802.8,-0.7892370380778417,0.21126224815488256,0.3217926244614244,0.06288343558282208,-0.1055946123099464,28802.8
4,ABR,9686400.0,0.0,0.0,13000.0,0.015625,200.0,141.42135623730704,100,1056.8,-0.8810939357907254,0.03164939279861297,0.04375400785928014,0.015625,0.0007438631291842301,1056.8
5,AAA,9250185.0,-0.08272649880732041,-3550.0,8530.0,0.09358974358974348,730.0,166.52327164693855,4185100,6788797.8,-0.6521427618539808,0.015781574187204477,0.019646500176909568,0.022781774580335732,0.1653429894871787,6788797.8
6,ABS,1352.0,,1352.0,3890.0,0.05135135135135127,190.0,99.89994994993727,309400,551521.8,-0.3698972162653682,-0.05194438556135442,-0.06389010934276654,0.07162534435261708,0.0,228117.2
7,ACB,1540996979.0,0.0,187401.0,23850.0,0.0483516483516484,1100.0,370.13511046643623,20022200,12829739.8,0.8856056607158582,0.05916344060705892,0.061172674072732074,0.03695652173913044,0.1500000000373135,12829739.8
8,ACL,1072458.0,-0.00427089348948706,-3800.0,11950.0,-0.004166666666666652,-50.0,285.9195691099159,55600,23604.4,1.6866392848514136,0.011861675711198071,0.014207145703174669,0.0,-0.05522211738961523,23604.4
9,ADS,127841.0,0.27026758478155033,3500.0,9140.0,-0.006521739130434745,-60.0,266.96441710460107,239000,547188.8,-0.7590390598692157,0.04295903950330179,0.05236132160223521,-0.06352459016393443,0.26139379766943927,547188.8
10,ACG,58010411.0,-0.0003412015854983297,-19100.0,37950.0,0.006631299734747964,250.0,255.92967784141092,6900,39992.4,-0.852975645095992,-0.03357352712144515,-0.041697180574480075,0.009308510638297872,-0.0019435381730063305,39992.4
11,AGR,1678182.0,-0.18575882637777663,75300.0,17950.0,0.04970760233918137,850.0,302.90262461721727,1916500,2539001.2,-0.22147549587522164,0.04523206995456022,0.05525741724101194,0.019886363636363636,2.006233944904825,2539001.2
12,ADP,198040.0,-0.027499508937340433,-300.0,27800.0,-0.0017953321364452268,-50.0,328.6335345030995,1300,5200.4,-0.6285714285714286,0.021972934561128574,0.023447497213959844,-0.02456140350877193,0.039907582440663725,5200.4
13,ANV,7665625.0,0.15402258116866996,989099.0,25150.0,0.08639308855291583,2000.0,1132.8062499827588,4148200,6187936.4,0.0950325194195234,0.07301653218316752,0.11527210817269062,0.12276785714285714,1.259402799957321,6187936.4
14,ADG,8586653.0,0.0003157057310376743,4500.0,10250.0,0.014851485148514865,150.0,134.35028842544403,10300,16233.4,-0.33458233736029463,-0.010821354462550966,-0.01645026701401649,0.026026026026026026,-0.13151587907404746,16233.4
15,AGG,1561581.0,-0.10314838032347007,-223700.0,19900.0,0.0934065934065933,1700.0,490.6628170138838,1946100,2560004.2,-0.523979813476207,0.09380303210975235,0.14672043317052025,0.02313624678663239,0.4104256798865576,2560004.2
16,APG,65273995.0,-0.011384961566856644,-387100.0,12050.0,0.012605042016806678,150.0,65.19202405202648,579700,1019340.6,-0.3622514931588079,0.1530923927233649,0.24898825634684849,0.008368200836820083,2.1231023661303605,1019340.6
17,ASG,685472.0,0.00439578473549096,0.0,17200.0,-0.0028985507246376274,-50.0,65.19202405202648,3000,2783.6,14.0,-0.049175525048618086,-0.06333914350683806,-0.005780346820809248,0.028039401538147744,2783.6
18,APH,68719749.0,0.0014254918424108087,104420.0,7100.0,0.08066971080669716,530.0,113.49008767288886,466400,927566.8,-0.6862396862396862,0.003943920844134815,0.005381180552267526,0.011396011396011397,0.005032346379286816,927566.8
19,ASP,18290864.0,-0.00021864059771092847,-3000.0,5150.0,-0.0636363636363636,-350.0,178.46568297574746,247900,170919.8,0.912218451095341,0.08528815564508693,0.12915447438751462,-0.07706093189964158,0.00023514532309076763,170919.8
20,AST,20050583.0,0.0025094005648089723,38120.0,70000.0,0.09546165884194058,6100.0,2361.5672761960436,53500,50669.6,0.5313278186449895,0.11270670591770257,0.19655801913948778,0.059001512859304085,0.021913312671407593,50669.6
21,ASM,46544986.0,-0.014889782970068932,-130200.0,8230.0,0.003658536585365857,30.0,90.7193474403338,877700,2075589.6,-0.7175877482570046,-0.00507705027307065,-0.006573937515313468,0.006112469437652812,0.019493791665346073,2075589.6
22,BBC,114394.0,-0.007831947058466349,100.0,83000.0,0.0,0.0,3196.8734726291564,100,2160.0,,0.12297550882047859,0.15802704900056136,-0.06531531531531531,-0.12063465219430074,2160.0
23,BAF,12757979.0,0.06376958102601482,874100.0,35150.0,0.010057471264367734,350.0,575.9774301133682,10391900,5398084.4,0.8679236566934665,0.09898251588049059,0.14493332800120792,0.005722460658082976,1.2295583866345112,5398084.4
24,BCE,999654.0,0.021562427827181763,13700.0,11900.0,0.02586206896551735,300.0,238.74672772626644,337300,241034.4,-0.009537568859602774,0.20443976526265734,0.3290893175050207,0.034782608695652174,1.2815857944949103,241034.4
25,BCG,10461922.0,0.11661462803818679,1145000.0,3670.0,0.022284122562674202,80.0,36.46916505762094,3442200,6677240.0,-0.6203092942707759,-0.10007682546898192,-0.14768962176837785,0.011019283746556474,0.046364326931780275,6677240.0
26,BCM,22289923.0,-0.002366757653460061,242720.0,70400.0,0.03377386196769461,2300.0,1031.9883720275147,460200,805156.8,-0.7447959615430473,0.010110258233642234,0.013023083925149706,0.020289855072463767,-0.030128684397866867,805156.8
27,BIC,52564253.0,-0.004786898208672397,-101900.0,41300.0,0.009779951100244544,400.0,840.8329203831163,232500,198680.4,-0.07643172943620624,0.08809610956946339,0.12820271282628892,-0.031652989449003514,-0.016375664542975985,198680.4
28,BFC,1797620.0,-0.23833533888107383,-326700.0,43800.0,0.016241299303944245,700.0,413.2190702279063,474200,613250.0,-0.3559331702566624,0.053371032735823665,0.07214247458584822,0.017421602787456445,1.329368164619292,613250.0
29,BKG,122440.0,0.0,0.0,3050.0,0.02348993288590595,70.0,32.09361307176243,60000,135182.0,-0.6538035450516987,-0.025785017091698333,-0.02729914106272251,0.016666666666666666,0.7019738671114818,135182.0
30,BHN,40710555.0,4.912754998143143e-06,100.0,36100.0,-0.03475935828877008,-1300.0,512.8352561983278,8400,3021.2,8.312638580931264,0.009558123281117324,0.012198574084925915,-0.026954177897574125,-3.5935334868441055e-05,3021.2
31,BID,1225299057.0,-0.0023140233822858125,1537681.0,39050.0,0.044117647058823595,1650.0,664.2665127793211,11787200,7799229.4,0.872127907986959,0.017518964224685397,0.02116610719070544,0.024934383202099737,0.2778159375483431,7799229.4
32,BMI,40250189.0,0.00030120729700033877,27920.0,20650.0,0.0024271844660195274,50.0,54.772255750480475,246300,226036.2,0.5870152129229302,0.008336445465221609,0.010300179279033353,0.0024271844660194173,0.015419264645651245,226036.2
33,BMC,624421.0,-0.019473259403726684,-900.0,18050.0,0.02556818181818188,450.0,130.38404810405476,55700,91987.0,-0.30434130988659636,-0.01936205021404968,-0.03065373416462867,-0.005509641873278237,-0.04883034744553122,91987.0
34,BMP,70219224.0,-0.0013409939944118987,-21189.0,141400.0,-0.013258897418004234,-1900.0,784.219357067924,47500,76396.6,-0.6619602038202055,0.045439681598035575,0.06973391226300059,-0.008415147265077139,0.016884038531091734,76396.6
35,BRC,191510.0,0.03569303985722794,0.0,13800.0,0.03626943005181338,483.0,163.9521271591173,10400,39615.0,-0.7469032148158965,0.02689064383664821,0.03361002952681271,0.029159519725557463,0.1342624125656683,39615.0
36,BSR,11705093.0,-0.01418285251020912,-247900.0,20600.0,0.035175879396984966,700.0,417.73197148410844,11238500,14267855.4,-0.2623934117952209,-0.02015892776560469,-0.027275417652855977,0.04834605597964377,-0.3273981069380819,14267855.4
37,BTT,662943.0,,662943.0,40300.0,0.007500000000000062,300.0,134.16407864998737,2000,400.4,,0.005315150685609288,0.0053662391643651795,0.0563564875491481,0.0,402.2
38,BSI,89061593.0,-0.003414915742789515,-178069.0,48000.0,0.044613710554951114,2050.0,967.3417183188035,1647100,1988046.2,-0.23222394020007575,0.038515137367003315,0.05431122409337523,0.04918032786885246,-0.025074160250946196,1988046.2
39,BTP,5058180.0,-0.015032967375345208,-37500.0,11500.0,-0.021276595744680882,-250.0,115.10864433221339,49700,53186.6,0.1244343891402715,-0.014945958981828536,-0.015463210711386002,-0.02127659574468085,-0.025534029961161456,53186.6
40,BVH,201258160.0,-0.007449723596682167,-725941.0,51000.0,0.02822580645161299,1400.0,662.7593831851798,425200,726296.0,-0.6249614112458655,0.007805420850642258,0.010591662649611821,0.029263370332996974,0.018131212938080114,726296.0
41,BWE,19538983.0,0.00044730617078214685,77400.0,49950.0,0.05491024287222812,2600.0,1126.1660623549276,118800,308043.4,-0.8211123558960645,0.04554885319937261,0.07294924954385297,0.048268625393494226,-0.23159068378302955,308043.4
42,C32,156971.0,0.0,0.0,18000.0,0.02857142857142847,500.0,54.772255750516614,4400,9529.2,-0.5662888122227698,0.024656661439797823,0.020777410507813267,0.00558659217877095,-0.02929954424305388,9529.2
43,C47,16323.0,,16323.0,9350.0,0.13470873786407767,1110.0,391.6248204595822,89000,433380.6,-0.8051898304713749,0.15705949455924734,0.23007608938549282,0.3022284122562674,0.0,77730.4
44,CCI,417550.0,,417550.0,24000.0,0.0,0.0,0.0,100,2083.8,,0.036081162570010414,0.04573423934722043,0.09090909090909091,0.0,1141.4
45,CDC,79999.0,-0.17440840462749874,200.0,19100.0,-0.04500000000000004,-900.0,291.5475947422674,166600,162316.6,0.13479235207171114,0.11837665186408987,0.21178254721813197,-0.015463917525773196,-0.2182329890258084,162316.6
46,CCL,1298618.0,0.10013402032161478,125000.0,7460.0,0.03038674033149169,220.0,89.27485648266257,387200,443491.4,-0.27616697511823973,-0.048698119589589355,-0.060222075708276535,0.03038674033149171,0.3187634301591106,443491.4
47,CHP,5405477.0,,5405477.0,33850.0,-0.013119533527696792,-450.0,246.47515087733515,33300,61841.4,-0.30059648828026553,0.022403092603903364,0.024917334651345466,-0.013119533527696793,-0.030177565007803647,12129.0
48,CII,21281364.0,-0.16928445000162384,700358.0,15400.0,0.07048519393855135,1014.0,411.5734442356555,23393600,29302287.2,-0.39210555768304634,0.07600873899701106,0.10385946845355681,0.041878086732968,0.2885672897814202,29302287.2
49,CIG,11413.0,,11413.0,9300.0,0.09411764705882364,800.0,344.8912872196107,104700,192568.8,-0.3898068012938194,0.04378346656737003,0.06578812559638493,0.18773946360153257,0.0,375642.4
50,CKG,22216.0,,22216.0,14900.0,0.05673758865248235,800.0,396.2322551231783,197600,319728.6,-0.5869237104953988,-0.027350920020140515,-0.04176234173979567,0.06428571428571428,0.42510744755917634,143986.0
51,CLC,543036.0,-0.0025714684554291045,-900.0,50900.0,0.013944223107569709,700.0,527.2570530585649,700,1420.2,-0.631578947368421,0.02515298314516567,0.030143361224816704,0.015968063872255488,-0.03679278582565154,1420.2
52,CLL,1493699.0,-0.4173672800235284,0.0,34000.0,0.0,0.0,168.0773631397161,118600,58516.6,6.529202640934485,-0.018884854294699004,-0.023661826095574403,0.0,-0.5760873606290837,58516.6
53,CLW,533290.0,0.000938456052103076,300.0,52200.0,0.20693641618497116,8950.0,2622.975409720799,1203,402.4,5.015,0.08571387039045969,0.06536613662392982,0.12987012987012986,-0.14398304948715068,402.4
54,CMG,77524080.0,-0.0019298483472823813,86400.0,40250.0,0.01385390428211597,550.0,451.3867521316947,1031100,1360718.8,-0.35051028185497946,-0.04345872916857514,-0.06198669177224338,0.020278833967046894,0.15079167390821713,1360718.8
55,CMV,6903.0,,6903.0,8050.0,0.011306532663316604,90.0,95.81231653602788,3500,1068.2,2.755364806866953,-0.018662194851690586,-0.02009948180582793,-0.05737704918032787,0.0,2583.4
56,CMX,18811012.0,0.004802065176470194,63900.0,7380.0,0.010958904109588996,80.0,59.329587896765304,428300,697492.4,-0.6134061329691547,-0.01091050034282746,-0.012981599231770082,-0.002702702702702703,0.06357284824807992,697492.4
57,CNG,730365.0,-0.007743881314829504,-500.0,29700.0,0.03125,900.0,134.16407864998737,6000,53356.6,-0.8705389893410435,-0.004522609210181527,-0.005264749831928086,0.005076142131979695,-0.2421752190627383,53356.6
58,CRC,45261.0,,45261.0,12400.0,0.09734513274336276,1100.0,354.25979167836704,512000,1292329.0,-0.5592791114653711,0.2283074777589273,0.413553179101359,0.3724405091311566,0.10177702044790653,1031815.6
59,COM,22720.0,0.0,0.0,32800.0,-0.0060606060606061,-200.0,89.44271909997597,200,43.4,99.0,0.05316237441339282,0.07034823100245041,-0.006060606060606061,-0.19971821063754844,43.4
60,CSM,1026428.0,-0.31238109019191707,1200.0,13200.0,0.0,0.0,111.80339887498363,296700,672453.0,-0.5798230073456625,-0.0288775812313606,-0.03995479888312482,0.0038022813688212928,-0.1593415458553409,672453.0
61,CRE,18316026.0,0.00446634812178881,82642.0,9710.0,0.103409090909091,910.0,422.93025429732495,1049000,930716.0,3.3591182031623346,0.10603469930470104,0.14039044870893452,0.08008898776418243,-0.018279085772356415,930716.0
62,CSV,1970963.0,-0.30005010897192086,207200.0,35800.0,0.004207573632538653,150.0,236.1143790623736,1091900,1576110.4,-0.4326056128342646,-0.05341378699004499,-0.07355197660279482,-0.001394700139470014,-0.4623309522867731,1576110.4
63,CTD,49732258.0,-0.009203608399101504,207817.0,81700.0,0.03811944091486663,3000.0,1091.7875251164944,626200,912764.2,-0.48408847116514275,0.05688743191988153,0.08031122376249858,0.03156565656565657,-0.020638693783141916,912764.2
64,CTF,649605.0,-0.1522892320942706,-56700.0,21700.0,-0.011389521640091105,-250.0,41.83300132670378,108000,251593.0,-0.6488661302121435,0.0026402891372989392,0.0034571067159144563,-0.0045871559633027525,-0.7859443354110457,251593.0
65,CTG,1454768237.0,-0.006838075971097868,-6675176.0,47100.0,0.07534246575342474,3300.0,1015.8740079360235,10773500,15717723.2,-0.4446509788493649,0.09161916905388462,0.10489568762764473,0.01948051948051948,0.0014051718816309993,15717723.2
66,CTR,9239264.0,-0.10142561817894646,-768500.0,92400.0,-0.027368421052631597,-2600.0,1380.9417076763234,269700,846185.0,-0.8143069697885633,-0.07202934214239294,-0.1005308201708767,-0.007518796992481203,-0.20655492799127073,846185.0
67,CVT,165803.0,0.0,0.0,28500.0,-0.008695652173912993,-250.0,246.47515087732475,300,231.8,-0.54337899543379,0.05144296965830896,0.046796479439419426,-0.008695652173913044,0.0,231.8
68,CTI,1239840.0,-0.3600297314875035,78000.0,27200.0,0.054263565891472965,1400.0,1107.5874683292511,1210800,2436233.2,-0.2628521436525104,0.11331360983519467,0.17720739563748625,0.07722772277227723,0.2562211234497852,2436233.2
69,CTS,4093107.0,-0.056814984566781024,446310.0,41500.0,0.04930467762326174,1950.0,796.8688725254638,2843300,4138052.8,-0.1531766523002841,0.15770882696690314,0.22663847430308015,0.024691358024691357,5.79073212896247,4138052.8
70,D2D,878301.0,0.08619826094699357,57900.0,38000.0,0.01740294511378848,650.0,139.64240043764607,125300,162447.6,-0.5207881562391241,0.16726079066353639,0.19411854671420253,0.007957559681697613,4.15310870037139,162447.6
71,DAH,3030.0,,3030.0,3440.0,0.023809523809523725,80.0,24.08318915758429,407200,239207.0,0.9396849441006807,-0.011229485643989562,-0.012314639145216555,0.023809523809523808,0.0,189780.6
72,DAT,5502.0,,5502.0,7420.0,-0.04871794871794877,-380.0,153.52524222420234,100,1773.6,32.333333333333336,0.0022319407440077594,0.002525574862345849,-0.019815059445178335,0.0,2338.8
73,DBD,14628709.0,-0.00021870010263180806,1700.0,55000.0,-0.0036231884057971175,-200.0,181.6590212458838,22600,71275.2,-0.7838375529645819,-0.006233951381985109,-0.007686116632012105,-0.009009009009009009,0.04228740073972599,71275.2
74,DBT,238133.0,,238133.0,12400.0,-0.027450980392156876,-350.0,160.4680653588121,1100,2945.6,10.827956989247312,0.015056260910469002,0.017100766706726292,0.05084745762711865,0.0,14065.6
75,DBC,21540741.0,-0.02755965461226717,941460.0,34750.0,0.038863976083707064,1300.0,432.145808726638,6477500,8916010.0,-0.34585507925479486,0.07191820188217889,0.09301444904466584,0.017569546120058566,-0.24316093467463276,8916010.0
76,DC4,902070.0,-0.3849956025825453,-362100.0,12900.0,-0.06521739130434778,-900.0,147.47881203752863,716000,2111290.2,-0.7041965258790858,0.04489162794730217,0.06505534189099003,0.0,0.016965776458505492,2111290.2
77,DCL,783363.0,,783363.0,22100.0,0.03512880562060894,750.0,108.39741694339399,74900,393730.8,-0.8644964387348417,-0.03168334678778108,-0.043148392049388626,-0.2078853046594982,-0.009520883355902758,367281.2
78,DCM,27089920.0,-0.03106738347147009,-23800.0,36550.0,0.01810584958217265,650.0,349.2849839316035,3056700,5751030.8,-0.4533931220556868,0.03899897476968462,0.05182247806190979,0.005502063273727648,-0.1174444765381255,5751030.8
79,DGC,56682295.0,-0.007004243290787859,33000.0,103800.0,0.022660098522167438,2300.0,925.7429448826493,1286800,1751176.0,-0.38390885604686664,-0.029292366377130844,-0.038543328091518635,-0.0009624639076034649,-0.1698280904856602,1751176.0
80,DGW,57448513.0,-0.01568065585430556,-293444.0,44400.0,0.026589595375722475,1150.0,915.4233993076697,966400,1785487.4,-0.37094718534015325,0.036887312603462064,0.051810835109920905,0.03255813953488372,0.321041093788711,1785487.4
81,DHG,70433350.0,0.0005682354938356671,13000.0,102200.0,0.0059055118110236116,600.0,465.83258795404964,14300,20750.0,-0.6437113813035679,0.03238921505250545,0.04545605909794984,0.011881188118811881,0.0027749762096083,20750.0
82,DHA,1587622.0,0.011081235646934084,21500.0,48250.0,0.04099244875943908,1900.0,662.7593831851813,61400,113961.6,-0.4787952870870259,0.06430448858853946,0.09744791953804718,0.015789473684210527,0.05606878587032006,113961.6
83,DIG,33436218.0,-0.05732618218578012,950000.0,21750.0,0.0023041474654377225,50.0,452.2167621837974,13679700,25533280.6,-0.6565027674355975,0.05975721953306005,0.08279633392262827,-0.013605442176870748,0.29276672042075963,25533280.6
84,DHM,45580.0,,45580.0,6630.0,-0.003007518796992459,-20.0,37.815340802378074,1800,9836.4,-0.8217115689381933,-0.059157200108782684,-0.07769207160291372,-0.025,0.0,10384.0
85,DHC,34429331.0,0.0012767034968967916,145300.0,31550.0,0.06408094435075884,1900.0,302.90262461722574,360900,494308.2,-0.26920685961441504,0.021215249489123286,0.02725191089925153,0.017741935483870968,0.04158611083429734,494308.2
86,DLG,24057827.0,0.040179817763578374,1069600.0,3440.0,0.03614457831325302,120.0,112.16059914247963,3431600,11210547.0,-0.8713201697121818,0.13495442577948288,0.23062235270544926,-0.030985915492957747,4.994693743401442,11210547.0
87,DMC,19699333.0,-2.8883392414802422e-05,-350.0,63200.0,0.011200000000000099,700.0,678.2329983125268,10800,6078.0,-0.0810074880871341,-0.03267462632136057,-0.04852700666295834,0.009584664536741214,0.0025439013316829306,6078.0
88,DPG,4372141.0,-0.10506728051776693,-51580.0,45950.0,0.017718715393133966,800.0,1012.793167433516,1103700,2285563.2,-0.5796898456082786,0.13565310858089213,0.2045446991023402,0.03724604966139955,0.07223522689232256,2285563.2
89,DPM,32915315.0,0.020143258789566687,266080.0,41850.0,0.05681818181818188,2250.0,362.973828257633,3238800,5461668.8,-0.5205385458852516,0.08326734052428555,0.1096342172850876,0.008433734939759036,-0.032112303891774045,5461668.8
90,DRC,4215534.0,,4215534.0,17200.0,0.0117647058823529,200.0,182.34582528809415,404300,560449.8,-0.35498898392019285,-0.06308562034689971,-0.07614786764690008,0.09876070014053916,-0.6028604743421485,752476.0
91,DQC,200374.0,-0.009882692440728591,-1100.0,12300.0,0.008196721311475308,100.0,192.35384061671346,5700,29786.0,-0.8910737831794989,0.008413684953988174,0.012378403635173117,-0.016,-0.046205987214455374,29786.0
92,DPR,3055960.0,-0.0762636552145236,-228500.0,40050.0,0.024296675191815886,950.0,272.48853186877426,445900,687287.6,-0.4545218778442176,0.022798677546298562,0.02859336312258182,0.011363636363636364,-0.2717988994869165,687287.6
93,DRH,1972942.0,0.11255584089250692,226600.0,3450.0,0.05828220858895716,190.0,98.5900603509299,890500,1218119.0,-0.4080913021659006,0.14415884380511268,0.2222342862281402,0.07476635514018691,0.33088913833019434,1218119.0
94,DRL,275270.0,,275270.0,55600.0,0.0036101083032491488,200.0,151.65750888101027,10200,10451.8,1.542372881355932,0.009054486853739429,0.010491921399511881,-0.02456140350877193,-0.007213185703465936,3665.6
95,DSC,20450.0,-0.12419700214132767,-1600.0,18100.0,0.016853932584269593,300.0,224.7220505424418,255000,220136.0,-0.08589700389300337,0.03376060390254487,0.04475981664398606,0.014005602240896359,0.4006849315068493,220136.0
96,DSE,42909537.0,-0.005532783043175282,-35530.0,25000.0,-0.019607843137254943,-500.0,309.434968935316,759800,858038.2,-0.2879574086447856,-0.004611136125098073,-0.006232666577200899,0.0,-0.03370755369382053,858038.2
97,DSN,1808866.0,-0.0002210841302494604,-400.0,45100.0,-0.02062975027144409,-950.0,181.65902124584565,5900,25392.0,-0.7677713925844288,-0.12890100365300763,-0.20714409493048494,-0.007700770077007701,-0.03134311094165351,25392.0
98,DTA,36704.0,0.0,0.0,4800.0,0.0020876826722338038,10.0,36.742346141747674,16600,47121.2,-0.29367713386094796,0.06670234436741314,0.10135181928750789,0.0020876826722338203,-0.2509999183740103,47121.2
99,DTT,15604.0,0.0,0.0,18500.0,0.022099447513812098,400.0,187.08286933869138,5,1026.2,-0.999000199960008,-0.024326241326514345,-0.013690051989567627,0.022099447513812154,-0.00025627883136852895,1026.2
100,DVP,5027848.0,-0.01871676749129736,-46100.0,74600.0,-0.0158311345646438,-1200.0,589.0670590009107,25200,25710.2,0.9468479604449938,-0.009304270836565485,-0.01136660773792491,-0.0158311345646438,-0.08700482405789596,25710.2
101,DTL,3295.0,0.0,0.0,10650.0,0.024038461538461453,250.0,96.17692030835612,800,910.0,0.6000000000000001,0.02473885069762658,0.027569008452888403,0.02403846153846154,10.169491525423728,910.0
102,DXG,264049878.0,-0.012523836313123038,1742200.0,20400.0,0.04615384615384621,900.0,403.732584763727,20557300,25830378.8,-0.46425112263383095,0.14788326540237073,0.19903196100351978,0.05699481865284974,0.9345657256572211,25830378.8
103,DXS,122422447.0,-0.02656059267646127,-988300.0,11250.0,0.018099547511312153,200.0,298.74738492579314,2564100,5351232.6,-0.6430590925757795,0.12465515452161641,0.2001517571854546,0.06635071090047394,0.09752844260456063,5351232.6
104,DXV,51750.0,0.0,0.0,3870.0,0.018421052631578894,70.0,70.14271166700073,5000,8965.8,-0.6689837802052301,0.013674156611545356,0.019165367560483267,0.015748031496062992,-0.037209302325581395,8965.8
105,EIB,99498200.0,0.0141516982302885,1014300.0,27400.0,0.00366300366300365,100.0,460.9772228646444,12693800,18800535.8,-0.4543316919466015,0.12254984788486402,0.17494007690473576,0.03007518796992481,1.3243460497608275,18800535.8
106,E1VFVN30,181784764.0,-0.012390013511289322,-1584685.0,29600.0,0.02777777777777768,800.0,545.4631059934302,150200,653350.2,-0.668498532300426,0.12601024913484024,0.12432654372960011,0.0281347690170198,-0.26470938578078007,653350.2
107,ELC,3639641.0,-0.17586957166577488,-248300.0,23850.0,0.0,0.0,57.00877125494056,897900,1171064.6,-0.30812671783606016,0.00972189373267137,0.01315579647195192,-0.0020920502092050207,0.7335949541695166,1171064.6
108,EVE,28990642.0,0.017588910344715325,426300.0,11800.0,0.10280373831775691,1100.0,220.7940216581969,84700,260483.4,-0.6657920176771164,0.07326808406285716,0.0807104144012905,0.03508771929824561,0.03266438538024682,260483.4
109,EVG,1723257.0,-0.3548589137489274,-168375.0,9120.0,0.3411764705882352,2320.0,846.5695482357016,8637400,4626938.6,0.010493459940416727,0.11285808867064732,0.16096186840291343,0.30659025787965616,0.5372607476235335,4626938.6
110,EVF,11947975.0,-0.23542130051090193,729700.0,14250.0,0.036363636363636376,500.0,543.8290172471491,17480200,24541926.4,-0.08315581919011594,0.12593801254817846,0.19704794827841954,0.06741573033707865,1.7192954306273238,24541926.4
111,FCM,1405135.0,0.07120340617579002,94300.0,4210.0,0.02682926829268295,110.0,25.88435821108957,225800,213957.0,2.2551032176219583,0.06457624993942837,0.09978381930096779,0.009592326139088728,0.02948362985230344,213957.0
112,FCN,50495360.0,-0.0018324482101111927,26900.0,16600.0,0.12162162162162171,1800.0,913.0991183874837,2632700,4826090.4,-0.09492820137306068,0.05431436632334062,0.07987627532586812,0.13310580204778158,0.035574621176604544,4826090.4
113,FDC,6831.0,0.0,0.0,16100.0,0.07333333333333325,1100.0,589.0670590009256,13100,2653.2,1189.909090909091,-0.020998860625998574,-0.00854183156219331,0.07333333333333333,0.0,2653.2
114,FIR,163165.0,0.06919825693784598,3800.0,9000.0,-0.04153354632587858,-390.0,113.04866208850022,407400,528235.0,-0.2864636515056247,0.1501844198615637,0.26417764080730965,-0.03225806451612903,0.25304304419613716,528235.0
115,FIT,96751.0,,96751.0,5250.0,0.058467741935483764,290.0,126.41202474448386,1512300,2805142.8,-0.46327080069647386,0.07802624909003411,0.0994234405730395,0.14130434782608695,0.0,1475481.8
116,FMC,20302440.0,0.0004139146271515681,74200.0,37850.0,0.018842530282638048,700.0,189.07670401184234,167800,125095.4,1.815011156033485,-0.03853749448106155,-0.043797293342651984,0.010680907877169559,0.005632549572469308,125095.4
117,FRT,45650338.0,-0.006487123134682471,227500.0,151600.0,-0.008502289077828684,-1300.0,1324.009063413087,558300,647574.6,-0.19658429605070027,0.015702988815479497,0.024288257512387033,-0.0200387847446671,-0.09940088407994223,647574.6
118,FPT,593021778.0,-0.019944568976691723,-2477120.0,106600.0,0.005660377358490676,600.0,1194.9895397032146,4515700,7318922.4,-0.4976416177949029,-0.06217143766358968,-0.07757713762606216,0.00471253534401508,-0.1140963262187339,7318922.4
119,FTS,91802385.0,-0.011495779293545394,-433474.0,42150.0,0.02679658952496955,1100.0,545.4356057318028,4072900,4910073.8,-0.2763383848748344,0.04160099003742179,0.05575067175651702,0.03182374541003672,-0.0003918732271980338,4910073.8
120,FUCVREIT,47750.0,-0.11162790697674418,-500.0,7500.0,-0.03722721437740695,-290.0,387.0788033462954,15700,13648.6,-0.036809815950920255,0.07498278378873395,0.10344370533993405,-0.09529553679131483,-0.414971820632198,13648.6
121,FUCTVGF5,80000.0,0.0,0.0,11500.0,0.06976744186046502,750.0,345.3259329966401,0,496.4,-1.0,-0.11085497982049854,-0.2134910932426012,0.14427860696517414,0.0,15936.4
122,FUEABVND,1645199.0,0.19878824090907443,272814.0,10750.0,-0.03153153153153154,-350.0,156.52475842498527,0,20.0,-1.0,0.032893721921394725,0.02194592648786986,-0.004629629629629629,1.5456482417036606,60.0
123,FUEDCMID,22933212.0,0.0021150273915317985,43102.0,14820.0,0.08254200146092039,1130.0,267.67517628648346,3700,13985.0,0.5416666666666667,0.09548242353935245,0.11770006993843753,0.023480662983425413,-0.06978997152568772,13985.0
124,FUEFCV50,104025.0,0.0,0.0,12310.0,0.008190008190008147,100.0,303.36446726668566,2400,4204.2,0.14231318419800099,0.034592380309098086,0.05423771720142581,0.020729684908789386,0.006774739898378902,4204.2
125,FUEIP100,75800.0,0.0,0.0,11020.0,0.049523809523809526,520.0,434.07372645669307,400,6470.8,1.7210884353741496,0.0686202419376274,0.09345538789798784,0.049523809523809526,-0.3565365025466893,6470.8
126,FUEKIVFS,15375900.0,-0.06670753691979925,-700.0,17000.0,0.04486785494775658,730.0,303.2655601943617,100,722.4,0.0,0.12471408697379104,0.12482990689442733,0.04230533415082771,-0.2769454319733649,722.4
127,FUEKIV30,194558500.0,0.0004015828844448066,-1600.0,11390.0,0.035454545454545405,390.0,193.72661149155522,18600,86260.0,-0.7804014167650531,0.11325333855135636,0.12381007727072853,0.029837251356238697,0.01342000113552253,86260.0
128,FUEKIVND,7673600.0,-0.00018241042345279457,0.0,13490.0,0.0029739776951673846,40.0,178.04493814764857,300,380.0,0.5,0.042817737806588145,0.04060324146270426,0.02663622526636225,-0.08722596914439329,380.0
129,FUEMAV30,44727964.0,0.0002410035318187731,2100.0,20430.0,0.04234693877551021,830.0,370.7155243579637,3400,30232.4,2.719912472647702,0.115821313993748,0.12170436513384002,0.029737903225806453,0.09230339908885588,30232.4
130,FUEMAVND,20764498.0,4.815935429558493e-06,100.0,15240.0,0.04814305364511684,700.0,204.76816158768432,100,7540.0,-0.9894736842105263,0.037266217363296605,0.041175050966485535,0.02557200538358008,-0.07111424251371107,7540.0
131,FUESSV30,2395022.0,-0.001958560199889825,-900.0,21170.0,0.025181598062953947,520.0,206.80909070928192,5400,14832.8,-0.5809405556417817,0.1130162130204052,0.11693470879733284,0.013403542364767831,-0.29298869677906914,14832.8
132,FUESSV50,1619849.0,-0.04261357759601503,21500.0,25600.0,0.05004101722723542,1220.0,624.555842179064,4700,19511.4,-0.4211822660098522,0.11194852023781797,0.14265109317302913,0.05393165911897901,-0.17660014975074584,19511.4
133,FUESSVFL,8497625.0,-0.047183219010083044,-138100.0,29810.0,0.055221238938053085,1560.0,739.6620850090937,99600,123362.0,0.07864584461435165,0.13715720877979368,0.1507147664768742,0.06464285714285714,-0.1232999258517123,123362.0
134,FUEVFVND,359138685.0,0.050961747208032815,70794.0,36200.0,0.015712682379348974,560.0,595.399025864167,128400,3985079.2,-0.16164458692714012,0.043071202738031666,0.04820364846414446,0.03873744619799139,0.01887062892324893,3985079.2
135,FUEVN100,1172771.0,0.024280090936801058,126900.0,22500.0,0.051401869158878455,1100.0,455.35700280109876,78400,105757.2,-0.1577047454313003,0.13102908238536887,0.1314476641315938,0.043115438108484005,-0.4958534121440086,105757.2
136,FUETCC50,300100.0,0.0003333333333332966,0.0,12810.0,0.03306451612903216,410.0,301.38015860371434,22400,29800.0,-0.02183406113537123,0.14416176505121886,0.15739306043867238,0.05,-0.9853422107794975,29800.0
137,GAS,43339013.0,-0.004560201167024713,204220.0,68300.0,0.004411764705882337,300.0,273.8612787525831,797700,1096602.2,-0.05146264056534111,0.01038551852357326,0.012129319361438195,0.005891016200294551,0.07400461802765489,1096602.2
138,GDT,1460180.0,-0.14807640695924107,-2800.0,20900.0,0.04499999999999993,900.0,279.284800875368,60700,102120.4,-0.49876135425268375,-0.05954907804676801,-0.07207948943251534,0.034653465346534656,-0.4040587574605911,102120.4
139,GEE,1325398.0,0.0732158791492643,20620.0,118000.0,-0.015846538782318564,-1900.0,3716.4499189414582,332000,698835.2,-0.6272075600510232,0.29534112859736383,0.548476544874977,-0.056,14.64814639905549,698835.2
140,GEG,196669618.0,0.003266859943296785,708600.0,17900.0,0.09480122324159024,1550.0,750.3332592921628,1196600,3107335.2,-0.4358970490900622,0.13359420187735277,0.21727530539334422,0.08484848484848485,0.02227496088479502,3107335.2
141,GEX,73878783.0,-0.04161670302282938,2210443.0,60300.0,0.13345864661654128,7100.0,1980.4039991880436,13886100,13099130.4,0.2511166581748838,0.3056072897176487,0.4813065812514631,0.05975395430579965,0.5171374463330484,13099130.4
142,GIL,1541455.0,-0.2499772529438583,-407738.0,19250.0,0.0,0.0,120.41594578791909,405500,819119.4,-0.48929149427893126,-0.007591948847300319,-0.010545781178938167,-0.007731958762886598,-0.13984569781950237,819119.4
143,GMD,166090999.0,-8.346534682734941e-05,1164802.0,59100.0,0.0497335701598578,2800.0,1242.1755109484377,4813700,3008208.0,1.5953782781228432,-0.01187801772428481,-0.016807784528573202,0.02782608695652174,-0.12607045333587358,3008208.0
144,GMH,121600.0,0.038428693424423566,0.0,8400.0,0.012048192771084265,100.0,71.9027120489914,12900,7651.2,0.5337058613720129,0.038332492000826834,0.04874139578462061,0.0011918951132300357,0.016722408026755852,7651.2
145,GTA,10076.0,0.0,0.0,10050.0,0.01005025125628145,100.0,67.08203932499369,200,2401.8,-0.8185117967332123,-0.003243817358151042,-0.002888220299691214,0.015151515151515152,-0.0007933359777865926,2401.8
146,GSP,414538.0,,414538.0,13450.0,0.026717557251908497,350.0,171.75564037317667,51300,228672.2,-0.8097681990277041,-0.015147169352589869,-0.014731128396521152,0.06746031746031746,0.0,54615.0
147,GVR,27605338.0,-0.16724803234024543,35606.0,30400.0,0.03050847457627115,900.0,349.28498393145964,3162800,4004302.2,-0.4586991082090057,0.012176743435879479,0.015585223859481643,0.030508474576271188,1.1785252988757273,4004302.2
148,HAG,26932425.0,0.021153878090285794,3473800.0,14800.0,0.11278195488721798,1500.0,437.3213921133975,26192300,13416372.8,0.8849692551736388,0.06416502738043577,0.09564694052560428,0.08424908424908426,0.1049624305573334,13416372.8
149,HAH,8501010.0,0.4481007008826403,1142150.0,80300.0,0.1309859154929578,9300.0,3320.0903602161193,1562900,4944635.2,-0.7360149043731768,0.135921693856341,0.20566020235709495,0.09251700680272108,-0.5055435937172643,4944635.2
150,HAP,2093912.0,-0.021418012740794357,-4500.0,6800.0,0.0014727540500736325,10.0,57.008771254956386,12300,130283.4,-0.9226852724872714,0.13400969139786253,0.17187718003142569,-0.02158273381294964,-0.13050490554536118,130283.4
151,HAR,2956266.0,-0.0002705384323514748,-12500.0,5020.0,0.24875621890547261,1000.0,312.7618902615854,3065500,2467602.6,0.13248839711977412,0.12194761386676561,0.16809433365613916,0.19523809523809524,0.13368493834129513,2467602.6
152,HAS,1221856.0,0.0,0.0,8000.0,-0.012345679012345734,-100.0,109.54451150103323,107,581.6,106.0,0.009044669723400652,0.009486203692733836,0.02564102564102564,-0.00532644523481377,581.6
153,HCD,67937.0,-0.002452132033360699,-100.0,7640.0,0.0052631578947368585,40.0,33.61547262794322,82200,80829.2,0.05361651947652435,-0.054550167355517015,-0.06360138181995337,-0.007792207792207792,-0.07343053149847929,80829.2
154,HAX,21839253.0,-0.0402500972307368,-209400.0,16200.0,-0.012195121951219523,-200.0,281.5137652051887,3198500,4546058.0,0.3435581250086637,0.01656339827089083,0.024538162430389077,-0.04142011834319527,-0.15716529711634156,4546058.0
155,HCM,276637904.0,-0.014747451937891842,-134250.0,27100.0,0.07326732673267333,1850.0,578.7918451395085,14633800,15135178.0,-0.03683241615937438,0.06871920833390979,0.08145057753062815,0.05859375,-0.13587879991110455,15135178.0
156,HDB,614274894.0,0.0,3074415.0,28750.0,0.08490566037735858,2250.0,975.0641004569904,18203000,21751184.8,-0.43784315833382303,0.05690060780336286,0.06771948988030146,0.07879924953095685,0.02343862541926586,21751184.8
157,HDC,11459912.0,0.28706772274416625,2212120.0,37000.0,0.14374034003091185,4650.0,1606.7824992823391,5586800,8302584.4,-0.5443679348811841,0.11672333853877936,0.15222610098425202,0.13149847094801223,1.4377008433105762,8302584.4
158,HDG,64734512.0,0.01031312186189548,-35700.0,27050.0,0.0018518518518517713,50.0,420.7136793592437,4605700,6365614.2,-0.5590804188798247,0.01857577050625199,0.02345208920147106,0.0074487895716946,-0.04226762908830973,6365614.2
159,HHP,5973630.0,-0.00308738295063693,-11800.0,9500.0,-0.01041666666666663,-100.0,131.60547101089682,195500,211293.4,-0.45242083209626194,0.06482308962001497,0.09208299155895859,-0.020618556701030927,0.014982194233816836,211293.4
160,HHS,9615986.0,-0.0006453828211356871,473000.0,17700.0,0.03508771929824572,600.0,491.9349550499537,6863400,16287597.8,-0.8058691749898153,0.2408517421195768,0.3813482692137828,-0.030136986301369864,-0.41919467745748473,16287597.8
161,HHV,49072253.0,-0.032945351426836744,1324100.0,13350.0,0.06374501992031867,800.0,329.01367752724167,15187300,12976084.4,0.3469490127742558,0.0745843579252548,0.09649246257212786,0.07228915662650602,0.2786874374479686,12976084.4
162,HII,341245.0,-0.187211947266253,9100.0,4800.0,0.08352144469525968,370.0,64.26507605223954,160700,308809.2,-0.5778529078763137,0.07289602867488033,0.08739519569317826,0.03225806451612903,-0.39636202181442526,308809.2
163,HID,714383.0,0.10554285705442568,68200.0,3070.0,0.04421768707482987,130.0,68.70225614927067,122600,251423.2,-0.619809594690979,0.0768894686153869,0.12461164793172991,0.03367003367003367,0.9594523057849653,251423.2
164,HMC,113508.0,,113508.0,11900.0,0.02145922746781115,250.0,41.83300132670934,15300,14720.8,0.2749999999999999,-0.009871928805317691,-0.012458996532697782,0.06947065696054641,-0.024258574744262015,10454.8
165,HPG,1687579003.0,-0.020283112908127343,4176132.0,26350.0,0.03944773175542404,1000.0,541.5256226624945,89708900,62678046.2,0.04972329078795146,0.06761529784033557,0.0843968255033456,0.03740157480314961,0.21880326880141598,62678046.2
166,HNA,1000.0,,1000.0,25000.0,0.024590163934426146,600.0,690.4708538381617,300,2569.2,-0.9662959218065386,0.011345394127162038,0.013913936347565558,0.004016064257028112,0.0,1011.6
167,HPX,4224595.0,-0.1223253026190454,295300.0,5200.0,0.0216110019646365,110.0,51.283525619832055,2376700,4048578.8,-0.5772813680097666,0.038464340456376804,0.05451263053514338,0.023622047244094488,4.5820856671330965,4048578.8
168,HQC,9981131.0,-0.17874208240331746,359524.0,3940.0,0.03684210526315779,140.0,78.4219357067906,6623800,10403174.0,-0.30449650704743547,0.07933178056331427,0.10466280701872861,0.031413612565445025,1.062152813001082,10403174.0
169,HRC,176816.0,,176816.0,31500.0,-0.04109589041095896,-1350.0,634.8228099241551,1100,617.8,4.7591623036649215,-0.02831255367468864,-0.04255530484259143,-0.03374233128834356,-0.019953884356154666,1139.4
170,HSG,60480781.0,0.016067007275436307,-96002.0,18950.0,0.05277777777777781,950.0,204.32816741702777,11748000,11018133.6,0.04548556343555732,0.024924621118523446,0.03361935373646878,0.0026455026455026454,0.0033927109736581126,11018133.6
171,HSL,191157.0,-0.07633989833587818,5791.0,9370.0,0.1426829268292682,1170.0,403.07567527698814,285800,537988.8,-0.23554271652490233,0.24490698973961625,0.35910456469430696,0.11282660332541568,-0.7332333198431417,537988.8
172,HT1,6490843.0,0.05200645384536218,-22400.0,14300.0,0.010600706713780994,150.0,164.31676725154983,462000,659849.4,-0.14242437742237268,0.07284048612645676,0.10009914669798259,0.0,0.32497820908257685,659849.4
173,HTI,1702442.0,-0.10366748063276654,10600.0,22400.0,0.013574660633484115,300.0,134.16407864999434,137200,142648.8,-0.1971913399648918,0.17112407084822093,0.2751400248231799,-0.0044444444444444444,-0.5531360940532921,142648.8
174,HTG,7065.0,,7065.0,47400.0,0.0031746031746031633,150.0,258.8435821108957,11500,23005.0,-0.640625,0.009973784663357934,0.012945856614936345,0.09468822170900693,0.0,21458.4
175,HTL,3633369.0,2.752342312106748e-05,100.0,27300.0,-0.0072727272727273196,-200.0,178.88543819998318,200,561.2,-0.6,-0.01966695466091883,-0.02148361294898878,-0.01444043321299639,0.00044882079907173944,561.2
176,HTV,770370.0,,770370.0,11450.0,0.12254901960784315,1250.0,639.7265040624783,8600,23847.2,-0.5981308411214954,0.08641693973728963,0.11501486676281959,0.2722222222222222,-0.001814011946564391,5718.4
177,HU1,1701.0,0.0,0.0,6240.0,-0.06865671641791049,-460.0,0.0,700,422.4,57.333333333333336,0.03542813548503745,0.041863867894737866,-0.06865671641791045,-0.19038553069966682,422.4
178,HTN,1554805.0,-0.1362698287044367,-64800.0,10900.0,0.028301886792452935,300.0,284.16544476765625,572500,885339.8,-0.3084404093066405,0.03169212205796621,0.04484397161605722,0.05825242718446602,0.7454872653260092,885339.8
179,HUB,349521.0,0.14814255164688617,200.0,18500.0,0.11111111111111116,1850.0,704.8049375536481,68000,112029.0,-0.47398141916718883,0.07668532111652632,0.09869709470294777,0.10119047619047619,0.1759554274063582,112029.0
180,HVH,119890.0,-0.7759860983949626,-130300.0,13550.0,-0.010948905109489093,-150.0,114.01754250990972,154800,232577.0,-0.31643255512035295,0.10842474785741459,0.17922131202822508,0.011194029850746268,-0.9102037698088731,232577.0
181,HVN,199241147.0,-0.001904105929164901,521500.0,33050.0,0.03281249999999991,1050.0,238.2225849914495,665300,1167800.0,-0.5910124792524744,0.10927369601813894,0.19060451038505258,-0.0015105740181268882,0.15281586209022618,1167800.0
182,HVX,416500.0,0.012150668286755817,3000.0,3030.0,-0.04113924050632911,-130.0,101.09401564880089,24200,35481.2,2.731113166820845,0.05906671477720687,0.09081943174737332,-0.0380952380952381,0.04203152364273205,35481.2
183,ICT,79160.0,,79160.0,13450.0,0.026717557251908497,350.0,180.27756377319957,56600,66039.0,-0.42585867602604943,0.03085825439451397,0.03922125011321648,0.09349593495934959,-0.5291794542383366,30875.0
184,IDI,2568299.0,-0.16161786303383918,195800.0,7600.0,0.057023643949930536,410.0,187.69656363396746,1625900,2243977.4,-0.3550859125203135,-0.010407799132516755,-0.012708756490962233,0.05702364394993046,0.12752153697361565,2243977.4
185,IMP,77695374.0,0.002328585349954837,197700.0,54000.0,0.05882352941176472,3000.0,1547.5787540542187,72400,219710.2,-0.5305529619255109,0.055041618579040705,0.07118451920897106,0.06930693069306931,0.023054543983614985,219710.2
186,IJC,19847160.0,-0.06268400705378085,-688300.0,13400.0,0.019011406844106515,250.0,106.06601717798213,2307000,2451795.6,-0.20362047182121334,-0.007281360453794826,-0.00836740834223703,0.019011406844106463,0.12017753827068378,2451795.6
187,ILB,4909539.0,0.00014259991008058748,700.0,28400.0,-0.0035087719298245723,-100.0,230.21728866443183,10200,9361.0,-0.1875099569858213,0.02825256565704258,0.03864339246139821,0.0035335689045936395,0.8132438321760969,9361.0
188,ITC,258163.0,,258163.0,17000.0,0.04938271604938271,800.0,213.89249636207438,617900,1069503.0,-0.5699785302438227,0.12476383084032976,0.1786110955486064,0.0759493670886076,0.0,1526427.2
189,ITD,426656.0,0.014504608185354595,5700.0,14900.0,0.06428571428571428,900.0,371.81984885156385,18300,96168.4,-0.7445026178010471,0.041422081706709274,0.062418225150601116,0.0456140350877193,0.3060644742601929,96168.4
190,KBC,140622612.0,-0.03348176373009126,-3959500.0,33550.0,0.15689655172413786,4550.0,1380.0362314084366,15113600,12235495.8,-0.4127059309216802,0.07099760979495034,0.08891226166884793,0.1315345699831366,-0.02543146259222252,12235495.8
191,JVC,2571799.0,0.042438507737224906,44700.0,6090.0,-0.019323671497584516,-120.0,85.90692637965812,283100,939373.2,-0.8956769500966582,0.1290066296551973,0.18952001156051068,-0.02403846153846154,0.7078526855293329,939373.2
192,KDH,338737620.0,-0.01672525688879012,-1417755.0,28100.0,0.021818181818181737,600.0,270.1851217221244,3611900,3836889.8,-0.3545820847968959,-0.03493039459372556,-0.041007019025545384,0.018115942028985508,-0.10092757169041554,3836889.8
193,KDC,50906581.0,-0.0032051134567203654,-80127.0,54700.0,-0.0036429872495445936,-200.0,443.8468204234429,209200,363916.8,-0.5382856537495531,-0.049574846282945895,-0.10282391980902347,0.014842300556586271,-0.040117849239129644,363916.8
194,KHG,5551805.0,-0.2897166238247033,791681.0,6830.0,0.034848484848484906,230.0,56.30275304103673,7070100,11803223.8,-0.3003476144516648,0.07666154383094463,0.11513059527025643,0.011851851851851851,1.7306340487399885,11803223.8
195,KHP,738885.0,,738885.0,12500.0,0.03305785123966931,400.0,164.3167672515495,39500,50106.6,3.1335286730849727,0.005970453560250068,0.006586780544923065,0.016260162601626018,-0.019216525388856886,255414.2
196,KMR,35625719.0,0.0,0.0,3180.0,0.00952380952380949,30.0,11.40175425099138,81100,68755.0,3.9926126569810387,-0.0029093129569493057,-0.002885098888219722,0.009523809523809525,0.005659724588317329,68755.0
197,KOS,318393.0,0.0,0.0,39150.0,0.007722007722007707,300.0,156.52475842498527,76200,274802.2,-0.7593177511054959,0.04728928264936786,0.03607876802082086,0.007722007722007722,0.20661911836041716,274802.2
198,L10,94243.0,0.0,0.0,21050.0,0.0023809523809523725,50.0,603.7383539249486,2100,440.0,,0.03744784641987831,0.0648965078992925,0.002380952380952381,0.0010622138661398085,440.0
199,KSB,4935743.0,-0.022168762727475033,24800.0,19300.0,0.08123249299719881,1450.0,690.6518659932802,3369900,3677130.6,0.09941879148430832,0.020205724078227145,0.02634652674880394,0.06629834254143646,0.2261082747738438,3677130.6
200,LAF,387703.0,0.00025799593914399566,0.0,20300.0,-0.012165450121654486,-250.0,215.05813167606837,900,3974.6,-0.20283436669619137,0.06800505791289248,0.10167967728289501,0.015,0.1014446227929374,3974.6
201,LBM,5919805.0,-0.005777429564484238,2800.0,36000.0,0.008403361344537785,300.0,277.4887385102338,22800,29486.2,0.22580645161290325,0.1001752971921241,0.13724054600568517,0.008403361344537815,-0.04725834730572845,29486.2
202,LDG,3832956.0,0.5100413187976891,184644.0,5150.0,-0.01717557251908397,-90.0,221.87834504520714,5893800,8253797.6,-0.37324596761972884,0.21041172092870541,0.33615768201611046,-0.08035714285714286,0.6358545186678622,8253797.6
203,LCG,6704527.0,-0.10919016550966154,851000.0,10600.0,0.03921568627450989,400.0,135.09256086106296,3700000,3189631.0,0.10309364102291951,0.018190014721942385,0.0203730756748593,0.03414634146341464,0.7392360155429406,3189631.0
204,LGC,86736474.0,1.152918843505546e-06,100.0,61000.0,0.016666666666666607,1000.0,447.21359549995793,100,20.0,,-0.019450492047374975,-0.02167719343692252,0.003289473684210526,-0.00022822556902339996,45.2
205,LGL,253341.0,0.0,0.0,4230.0,0.03422982885085579,140.0,47.22287581247038,81100,173137.4,-0.7291276306516634,0.14183409531621755,0.22991047988663285,0.029197080291970802,-0.7687927055089251,173137.4
206,LHG,6155778.0,0.010108008003704594,9400.0,32800.0,0.03307086614173227,1050.0,360.55512754638954,134800,278106.4,-0.7377375780415534,0.001777678607910073,0.0020336788458228273,0.031446540880503145,-0.2974922788125,278106.4
207,LIX,1798912.0,0.0032345999580616347,6000.0,33400.0,0.024539877300613577,800.0,175.35677916752573,12100,58523.2,-0.7876373337077469,0.023626364199976255,0.027586694415987826,-0.007429420505200594,-0.124554408514867,58523.2
208,LM8,43886.0,,43886.0,14500.0,0.07806691449814118,1050.0,469.5742752749558,4400,986.8,43.0,0.03379718362212735,0.03798848815118662,0.028368794326241134,0.0,11546.8
209,LPB,27158869.0,-0.03304214085979729,343862.0,35350.0,0.030612244897959107,1050.0,474.86840282335874,3771200,3581541.8,-0.17462379636284686,0.07926587369662204,0.11917365687124885,0.033625730994152045,0.43610238905792464,3581541.8
210,LSS,526001.0,,526001.0,10250.0,0.06770833333333326,650.0,318.9827581547318,381000,842866.0,-0.7127010998043201,-0.013681106079984755,-0.015922378238605338,0.06770833333333333,-0.0567965212713498,334750.8
211,MBB,1417869154.0,0.0,17323.0,29700.0,0.1061452513966481,2850.0,1032.5938214031692,41821100,27622987.2,0.6734714848679662,0.13061481121278093,0.1522912697735953,0.08394160583941605,0.15000000012166143,27622987.2
212,MCM,30420.0,0.030487804878048808,900.0,29250.0,-0.01845637583892612,-550.0,256.4176280990758,29000,40878.6,0.4665722666127239,-0.056882632900227284,-0.060090178193362855,-0.018456375838926176,-0.9696957621884401,40878.6
213,MCP,25435.0,,25435.0,29350.0,-0.00968384114451526,-287.0,154.11035007423376,17200,13788.0,1.356164383561644,0.036287543994715725,0.061268171662454234,0.06448571014072248,-0.0969288123557607,15678.6
214,MDG,300.0,0.0,0.0,15500.0,0.06896551724137923,1000.0,547.7225575051662,200,100.0,,0.07979606950861419,0.0705025749170273,0.06896551724137931,0.0,100.2
215,MHC,380530.0,-0.007045377449573342,-2000.0,12850.0,0.2009345794392523,2150.0,536.8891878218446,320600,916054.6,-0.26401718976694644,0.19019372041953755,0.33133567518382023,0.12719298245614036,-0.24170172232728404,916054.6
216,MIG,32435908.0,-0.0010578911938426971,102570.0,18100.0,0.0372492836676217,650.0,173.20508075688906,396600,307058.2,1.4352952012526479,0.006450146583137549,0.007826363453028033,0.01971830985915493,0.1172289831981869,307058.2
217,MSB,742072426.0,0.009632656167961828,7116030.0,14450.0,0.047101449275362306,650.0,352.845575287547,17959500,18356661.4,-0.1893082123829667,0.09813711727904852,0.11731551057243804,0.03214285714285714,0.038863886141663084,18356661.4
218,MSH,6006914.0,-0.06588795408960946,-231000.0,37550.0,0.023160762942779245,850.0,359.5135602449283,223500,397342.8,-0.5769281004923534,0.0364497454902992,0.047654835701463796,0.018995929443690638,0.630718319035726,397342.8
219,MSN,384895356.0,-0.007301029234664247,62015.0,75500.0,0.04570637119113563,3300.0,1265.7013865837362,8385300,7716078.0,-0.08668672144462364,0.03157028661806281,0.03939443939397483,0.03424657534246575,-0.03415069060112792,7716078.0
220,MWG,719583130.0,-0.00748530997959751,-988927.0,67500.0,0.013513513513513598,900.0,1084.8963084092466,5797700,9994403.4,-0.6017696957158354,0.052725450141796686,0.06351489019688975,0.005961251862891207,0.06768869225302933,9994403.4
221,NAB,34192117.0,0.2245011192085291,6648013.0,15500.0,0.04729729729729737,700.0,191.70289512680813,1940100,1795556.2,0.3679592510174554,0.08088235779778608,0.11430381356833078,0.029900332225913623,1.0474994657009982,1795556.2
222,NAF,14405170.0,0.013398083113842496,162950.0,27150.0,0.2039911308203992,4600.0,1412.179167103098,738500,1216401.2,-0.3567017134295595,0.11761582510509494,0.16143544101715956,0.12655601659751037,0.11240252789236302,1216401.2
223,NAV,60865.0,0.006615397337302653,0.0,18000.0,0.02564102564102555,450.0,122.4744871391463,5100,3534.0,2.642857142857143,0.0066784783674337395,0.008362715925410276,0.011235955056179775,-0.10800908624606141,3534.0
224,NBB,452501.0,-0.02204447364496731,0.0,23600.0,-0.032786885245901676,-800.0,300.83217912982724,22600,66287.4,-0.748136095663706,0.029731391132588825,0.04587827676745769,-0.03278688524590164,-0.09767069938841152,66287.4
225,NCT,4180801.0,3.7075609846004554e-05,0.0,109200.0,0.009242144177449063,1000.0,83.66600265340756,2200,5812.8,-0.6433203631647211,-0.02418080191295848,-0.025246430093750116,0.001834862385321101,0.04342225847156445,5812.8
226,NHA,865130.0,-0.3207901203551773,-2500.0,24100.0,0.050108932461873534,1150.0,414.42731570204035,944300,1236845.6,-0.2447466986161021,-0.0022516241785071785,-0.0028577753516480847,0.0455531453362256,1.4570995245587826,1236845.6
227,NHH,336260.0,0.02033013715256704,1000.0,13150.0,0.15859030837004395,1800.0,443.56510232433897,120100,593109.8,-0.8125976216594083,0.019510361638976285,0.02603058383744081,0.08677685950413223,-0.057461598833949995,593109.8
228,NHT,722690.0,0.0,0.0,10500.0,-0.032258064516129004,-350.0,164.31676725154983,10581,2716.8,,0.0016082527424410933,0.001775471005302868,-0.027777777777777776,-0.026168627292449908,2716.8
229,NLG,189746620.0,0.022848243930456036,2930400.0,41800.0,0.051572327044025146,2050.0,657.6473218982878,2060800,2892373.0,-0.15235518818430516,0.054044388564977,0.07492722523329626,0.007228915662650603,0.11061155300548488,2892373.0
230,NKG,29211020.0,-0.08955249187108782,-1835000.0,16150.0,0.006230529595015577,100.0,389.5510236156491,17689300,20657204.4,-0.3347169812030365,0.0408012956612772,0.05573168117036683,-0.021212121212121213,0.42756636534550935,20657204.4
231,NNC,869534.0,-0.02391017855178401,-9100.0,36500.0,-0.004092769440654842,-150.0,212.13203435596427,48200,53196.0,0.05701754385964919,0.17526907238339182,0.2920723507669189,0.0,-0.2075391566978778,53196.0
232,NO1,1692400.0,0.00385550744409513,5800.0,8300.0,0.14958448753462594,1080.0,444.85952839070467,191100,548029.6,-0.7521677218883497,-0.05839712921633483,-0.09619812213507072,0.13387978142076504,0.06073331244124099,548029.6
233,NTL,19479112.0,-0.02511411514437656,77900.0,20000.0,0.0,0.0,198.74606914351907,2075900,2524196.8,-0.31435747146899384,0.034901895958267405,0.05313067542098178,0.015228426395939087,0.13586060232512168,2524196.8
234,NT2,29714920.0,-0.06194405869471131,260700.0,22150.0,0.10749999999999993,2150.0,1001.2492197250396,1922400,2156996.4,0.41944515820345374,0.04367203578445823,0.06565091053666246,0.1075,-0.2448259894210294,2156996.4
235,NSC,1605885.0,-0.0001867779863464758,0.0,81900.0,-0.00948188283101925,-784.0,318.41513783111793,1600,1256.6,0.1134307585247043,0.045935597166606286,0.06043255098703908,0.008372322088155627,0.05807090505143146,1256.6
236,NVL,216769394.0,0.07035296065211627,12097480.0,18550.0,0.138036809815951,2250.0,948.6832980505138,20818100,32689799.2,-0.188149551821162,0.15632265757198857,0.2540176296961525,0.11746987951807229,1.4590242289604007,32689799.2
237,NVT,100220.0,-0.0019916351324437143,0.0,8380.0,0.03456790123456788,280.0,104.88088481701502,2200,6755.0,-0.8157453936348409,0.03589213556391318,0.04215910896243292,0.02696078431372549,-0.09646592138478183,6755.0
238,OCB,489732225.0,-0.0024236698689957814,85867.0,13700.0,0.0620155038759691,800.0,362.9738282576311,9427300,9045327.8,0.3333482311316085,0.10369753069265294,0.14287723907254657,0.03007518796992481,0.037536028355932304,9045327.8
239,OGC,829116.0,-0.05569374589984688,-34100.0,4510.0,0.04157043879907629,180.0,25.88435821108957,859300,1481351.2,-0.7179894383057182,0.03470732262018074,0.051471560482867454,0.01348314606741573,0.12481074891875905,1481351.2
240,OPC,424617.0,,424617.0,23300.0,-0.006396588486140775,-150.0,163.55427233796127,1700,3572.8,-0.8170272306533204,-0.02023215397503686,-0.02657547029969671,-0.016877637130801686,-0.03916936507613249,2311.0
241,ORS,1737555.0,-0.5849514737040744,-2312635.0,11900.0,0.08675799086757996,950.0,444.40972086577943,9468600,8232812.2,0.031212344837861172,-0.027559888951316,-0.03797205634458037,0.07207207207207207,-0.31039991173398274,8232812.2
242,PAC,9136960.0,0.025601422401020146,0.0,30950.0,-0.006420545746388395,-200.0,883.4591105421882,553200,902455.0,-0.5419232928527778,0.031094389418732937,0.048888324733766336,0.018092105263157895,0.6221838023785505,902455.0
243,PAN,45423718.0,-0.008728887675349184,-490.0,34800.0,0.05454545454545445,1800.0,587.7924803874238,657100,1447478.4,-0.5207972952868798,0.1276171465105156,0.1717866189490356,0.03571428571428571,0.10570462075378882,1447478.4
244,PC1,54771933.0,0.014887110625165123,1949135.0,27600.0,0.13114754098360648,3200.0,1502.6643005009466,4238400,10671662.8,-0.6772359997002644,0.07342186793096996,0.09394971316312291,0.13814432989690723,0.16553173375334407,10671662.8
245,PET,877830.0,,877830.0,38000.0,0.1550151975683891,5100.0,1169.1877522451216,1894700,2986268.6,1.6514950082426272,0.11970572602024747,0.18520797918633133,0.6101694915254238,-0.04144950419801941,1319260.6
246,PDN,131953.0,,131953.0,98700.0,0.015432098765432167,1500.0,941.806774237716,1200,2562.0,-0.3704092339979014,0.12828335375699254,0.15517932593498582,0.09047519086077935,0.49999431617956325,1025.0
247,PDR,89342418.0,-0.0024483234986600877,271800.0,19550.0,0.022489539748953957,430.0,302.11620280944595,10339500,16783886.0,-0.6041746358766509,0.018219119843495675,0.026292868998001057,0.017593170934832397,0.3572097652655762,16783886.0
248,PGC,1212890.0,-0.0017284092873192103,-2100.0,13950.0,-0.0035714285714285587,-50.0,57.00877125495045,600,24439.0,-0.9878934624697336,-0.024847711777912247,-0.025755636324892025,-0.0035714285714285713,-0.08200768670690153,24439.0
249,PGD,45937884.0,5.660136987506448e-05,4800.0,27200.0,0.030303030303030276,800.0,154.1103500742244,7600,15817.0,-0.4878015905108505,-0.04879871422639606,-0.0694257060811981,0.014925373134328358,-0.009881638118303946,15817.0
250,PGV,209926.0,0.0019090709506219827,400.0,21700.0,0.1511936339522546,2850.0,1327.3093083377362,22000,117865.0,-0.6721848877233241,0.04115872834918512,0.05455712217595195,0.15119363395225463,0.009910230629347754,117865.0
251,PGI,22622470.0,0.00013705067824609785,300.0,20100.0,0.0,0.0,187.082869338689,4500,11089.8,-0.25162148677864626,-0.009441077809676474,-0.01275123758644267,0.0,-0.001436767656793064,11089.8
252,PHC,147045.0,0.8439400589378645,67300.0,5220.0,0.009671179883945946,50.0,23.45207879911746,80500,107210.8,-0.5674717244714289,-0.021675362980473057,-0.02437127476013458,-0.009487666034155597,1.7070139911634756,107210.8
253,PIT,87488.0,,87488.0,7200.0,0.0027855153203342198,20.0,126.57013865837392,200,10129.4,-0.9429223744292238,0.07921070056554845,0.12572857066579005,-0.04,-0.07834606268106399,19474.4
254,PJT,162247.0,,162247.0,9100.0,-0.022556390977443663,-210.0,192.4058211177623,12400,9133.2,0.6509119957395819,-0.021057715859554866,-0.026716869691154218,-0.054840049854590775,-0.03951527924130664,4121.6
255,PHR,20570394.0,-0.006155245336773585,19800.0,61200.0,-0.004878048780487809,-300.0,1108.1516141756056,619000,611924.2,-0.22504203427091984,0.05008476318940273,0.06630551915725673,-0.012903225806451613,-0.15289614606838092,611924.2
256,PLX,215325411.0,-0.022949137399706387,-1325200.0,36650.0,0.004109589041095818,150.0,340.2205167240964,1344300,2443032.8,-0.3617451614557319,0.008243038131514765,0.011193073325232875,0.009641873278236915,-0.04460520682224545,2443032.8
257,PMG,9345071.0,0.0,0.0,7900.0,0.05333333333333323,400.0,178.88543819998318,140,353.2,4.6,0.005280415848626358,0.005420623788315033,0.05333333333333334,5.350700422737438e-05,353.2
258,PLP,340192.0,0.0026525824363674566,3000.0,5220.0,0.04400000000000004,220.0,43.3589667773576,28400,118083.0,-0.762408707218927,0.028332910209479246,0.03537208826055148,0.0038461538461538464,0.26135318719781686,118083.0
259,PNC,55985.0,-0.003559668950787631,-200.0,26050.0,-0.08274647887323938,-2350.0,1137.7609590770815,3900,1364.4,34.45454545454545,0.08978197119692366,0.13069557307626326,-0.08274647887323944,-0.01803097539157736,1364.4
260,PPC,22900884.0,-0.0628228225672065,-401000.0,11050.0,-0.0045045045045044585,-50.0,27.386127875258307,402200,769067.6,-0.6498857906905484,0.002438042337853273,0.0033767671497934885,0.0,-0.2641365637840763,769067.6
261,POW,77288074.0,-0.03595920607559655,-1414484.0,14750.0,0.013745704467353903,200.0,219.65882636488797,7183700,13476602.6,-0.5391758575542328,0.082525671339489,0.11210093458315971,0.017241379310344827,-0.12459624407657768,13476602.6
262,PTB,9119807.0,0.0038525859712814636,55100.0,53000.0,-0.009345794392523366,-500.0,940.7443861113237,368300,154731.6,1.3773714005383457,-0.07162608746612627,-0.1000048491897513,-0.016697588126159554,-0.4195828736410903,154731.6
263,PTC,149578.0,0.004027440293197682,400.0,7880.0,-0.017456359102244412,-140.0,166.22274212634082,8000,42252.0,-0.7703656926344796,0.15247337712331138,0.22869041750512173,-0.006305170239596469,-0.5202727406846741,42252.0
264,PTL,50333.0,,50333.0,3360.0,0.024390243902439046,80.0,90.38805230781334,189500,164231.4,-0.3157140226265749,0.06066515390761806,0.07968167632415794,0.36585365853658536,-0.23557195796124172,169196.4
265,PVD,23235406.0,-0.057781001312108726,308800.0,21200.0,0.0,0.0,75.82875444051551,5007200,7080864.0,-0.4509445635156215,-0.020823941025131305,-0.025159707732806257,0.002364066193853428,-0.5778678270305356,7080864.0
266,PVP,3139515.0,-0.06002967052543173,300.0,15500.0,-0.015873015873015928,-250.0,67.08203932499717,288100,187259.8,2.301248997364501,-0.04751880757932241,-0.0657207519331507,-0.009584664536741214,-0.22316633365706404,187259.8
267,PVT,41506028.0,-0.046023113548524286,-732950.0,18200.0,0.005524861878453136,100.0,108.39741694340528,3147800,4409104.4,0.08258614208573412,-0.0424462081675903,-0.050554710024861754,0.008310249307479225,-0.0680154902520158,4409104.4
268,QCG,6028284.0,-0.08950466433183246,-80400.0,13900.0,0.049056603773584895,650.0,476.182738032365,1726400,1774341.2,0.07205509310001146,0.059193532118194614,0.09311670262940333,0.07335907335907337,2.6812059717241987,1774341.2
269,RAL,385685.0,0.0015841069921442852,3310.0,92700.0,-0.03937823834196896,-3800.0,1536.8799562750453,129700,56323.6,0.8303180830346306,-0.09023357536400885,-0.09547553652162215,-0.040372670807453416,-0.23981985178177231,56323.6
270,REE,265414967.0,9.340178447114766e-06,2479.0,67000.0,0.0029940119760478723,200.0,690.6518659932648,457800,981394.0,-0.5612568104385994,0.06608375418046195,0.09855601465030656,-0.004457652303120356,0.14999530365629443,981394.0
271,RYG,19700.0,0.05913978494623651,1300.0,12150.0,0.01673640167364021,200.0,70.71067811865476,35600,37900.2,0.3136531365313653,-0.0380783982283809,-0.04401853494936725,0.0125,0.6416666666666667,37900.2
272,SAB,756236383.0,0.00013524584783342064,268400.0,47800.0,0.009503695881731833,450.0,207.96634343086484,945800,1344299.2,-0.5061993956189685,-0.03371522833476921,-0.03877148621659292,0.004201680672268907,-0.029319315167433548,1344299.2
273,SAM,1949626.0,-0.008799481833147382,0.0,8300.0,0.05063291139240511,400.0,81.73126696680984,867300,1202834.8,-0.41321097342163016,0.05236888545504832,0.06862430963938604,0.022167487684729065,-0.14708255024866218,1202834.8
274,SBA,159967.0,,159967.0,29700.0,0.006779661016949046,200.0,67.08203932497764,1300,12819.2,-0.8088235294117647,0.0447825329410634,0.08593930738647938,-0.041935483870967745,0.0,11433.8
275,SBG,671151.0,-0.014970257620521621,0.0,12650.0,0.016064257028112428,200.0,57.0087712549569,208000,188806.2,0.020007846214201708,0.08418092462170347,0.11577631560610965,0.012,0.5989988850028113,188806.2
276,SBT,179868137.0,-0.0032559957928732786,-93025.0,24050.0,-0.01836734693877551,-450.0,406.201920231798,1332600,1988373.4,-0.5916827810919039,0.3225258379622836,0.5046929910553207,-0.03024193548387097,0.10566256622679708,1988373.4
277,SBV,4027956.0,0.0,0.0,9170.0,0.044419134396355364,390.0,215.8008341040414,130,2208.2,-0.8996913580246914,0.003384933394237497,0.00410395461004836,0.01888888888888889,0.0006193076423755479,2208.2
278,SC5,337071.0,0.0014796195773278953,0.0,16200.0,-0.012195121951219523,-200.0,403.732584763727,100,1962.6,-0.9836119305145854,-0.05402762820470232,-0.07793666784716398,-0.04142011834319527,-0.012590481268070622,1962.6
279,SCS,15594143.0,-0.039363911227788706,-84000.0,63600.0,-0.021538461538461506,-1400.0,1130.044246921332,239900,517997.4,-0.5189251516518775,-0.0688759702158957,-0.09246746098530143,-0.027522935779816515,-0.29702030674860175,517997.4
280,SCR,3267214.0,-0.5139675708033098,-1421900.0,9440.0,0.058295964125560484,520.0,216.8409555411522,6868700,12883159.2,-0.6188832007707674,0.14874198407319877,0.19543555213944244,-0.010482180293501049,0.4335035260472951,12883159.2
281,SFC,70735.0,,70735.0,20300.0,-0.024038461538461564,-500.0,665.5824516917495,1300,1883.6,2.1784841075794623,0.00871563600629149,0.011453354681008871,-0.00975609756097561,-0.04485733961678167,1570.2
282,SFG,97473.0,,97473.0,11150.0,0.03240740740740744,350.0,225.27760652137633,2800,3564.0,3.0,0.043764452023262845,0.06789631074199268,0.08695652173913043,0.0,5229.4
283,SFI,2472373.0,-0.0012119385644102643,0.0,26700.0,-0.0074349442379182396,-200.0,174.64249196571214,6,2617.8,-0.9988358556461001,-0.014252576595924176,-0.016611188146022363,0.0037593984962406013,-0.0326543372177827,2617.8
284,SGN,9050470.0,0.0009400606283807011,4600.0,67400.0,0.005970149253731405,400.0,260.76809620810593,11400,37691.4,-0.7292161520190024,-0.06274341905043394,-0.0754453100526571,0.008982035928143712,-0.01064458350573277,37691.4
285,SGR,97735.0,-0.7060026772150947,14700.0,30800.0,-0.04791344667697062,-1550.0,527.2570530585627,93700,199415.4,-0.6685051599276868,-0.03235645149467778,-0.046859775556179574,-0.02531645569620253,15.1946975973488,199415.4
286,SHA,289320.0,0.0,0.0,4140.0,0.007299270072992803,30.0,25.495097567963924,40900,36960.8,-0.13303374597252837,0.01007885148149029,0.013080225964986763,0.00975609756097561,-0.02747291532910018,36960.8
287,SHB,226026331.0,0.0379015012961077,9862786.0,19100.0,0.2691029900332227,4050.0,1190.378091196238,65426500,120173196.0,-0.6392661441695089,0.24493777203579595,0.3668902012297235,0.18633540372670807,1.2159127470511255,120173196.0
288,SHI,602642.0,-0.10045645742467257,-34500.0,15000.0,0.006711409395973256,100.0,248.99799195976973,459800,314080.2,0.9165520403484639,0.009351501788077804,0.014516506607956534,-0.025974025974025976,0.5799999475642272,314080.2
289,SHP,122875.0,,122875.0,36300.0,0.008333333333333304,300.0,54.77225575053999,7500,8224.4,-0.25742574257425743,0.07195464022825356,0.07274829565282066,0.013966480446927373,-0.9768339979438583,3716.8
290,SJS,709542.0,-0.00601538728783646,-521.0,72000.0,0.15826389112319417,9838.0,3741.256473432297,45000,115536.6,0.11053527800399787,0.2248335881635916,0.36223003086319233,0.08270676691729323,0.013882002266274378,115536.6
291,SKG,27235868.0,0.0041773330607928205,68600.0,11400.0,0.03167420814479649,350.0,182.34582528810685,280800,412070.8,-0.2206840662085503,0.02488584528427145,0.026758024504101214,0.02242152466367713,-0.0912503089683846,412070.8
292,SMB,4100049.0,0.0004880371122941707,1800.0,42450.0,0.005924170616113722,250.0,57.00877125493239,5100,25950.6,-0.6539322792970075,0.013060945237499295,0.014126947132842458,0.0035460992907801418,0.0038670455199295833,25950.6
293,SMA,10418.0,0.0,0.0,9500.0,-0.0640394088669951,-650.0,290.68883707497264,7200,1440.2,,-0.0592806549711438,-0.10066697878853736,-0.06403940886699508,0.0,1440.2
294,SPM,296780.0,0.0,0.0,10550.0,-0.014018691588784993,-150.0,108.39741694339347,200,2512.2,-0.8337489609310058,0.013910120885483926,0.018544485840939127,-0.009389671361502348,-0.01234650071549802,2512.2
295,SMC,15184655.0,0.007912140721936467,28300.0,13100.0,0.04800000000000004,600.0,251.49552679918582,325000,419078.2,-0.5117752303294241,0.10480468642624949,0.16445294932419613,0.043824701195219126,0.005810584176269445,419078.2
296,SRC,0.0,-1.0,0.0,27900.0,0.03494324504785218,942.0,415.2502859722003,4,828.4,-0.9984633115635805,0.04822836742511178,0.05390113540412069,0.03494324504785221,-1.0,868.4
297,SRF,16328200.0,0.0,0.0,8790.0,-0.011248593925759276,-100.0,76.61592523751182,21700,27861.6,-0.6666820269419228,0.0227551877434,0.03176856746521929,0.009184845005740528,-0.00015308590568683522,27861.6
298,SSC,124158.0,0.016372239231159602,1900.0,37000.0,0.036414565826330625,1300.0,672.3094525588645,3400,1862.4,1.2666666666666666,0.03209237784497646,0.0315218087695843,0.03932584269662921,-0.014055650848103679,1862.4
299,SSI,819779782.0,-0.019708744315003024,-7061209.0,34950.0,0.04954954954954949,1650.0,628.4902544988267,40400100,53205679.8,-0.18224794221502982,0.10710728596747345,0.13526559655160225,0.030973451327433628,0.03598513089870478,53205679.8
300,SSB,8871019.0,-0.011468765276875681,116100.0,20500.0,0.03015075376884413,600.0,529.8584716695582,1606900,2840114.2,-0.4419784709050235,0.10174929824494505,0.12519666878829652,0.06493506493506493,1.1513986243786336,2840114.2
301,ST8,90393.0,-0.18117090757566146,0.0,6990.0,0.0401785714285714,270.0,108.25894882179486,184600,380373.6,-0.6231653295772348,0.01515936053863398,0.021558827854435712,0.030973451327433628,-0.5106300043851814,380373.6
302,STB,378306807.0,-0.003526423082613972,1346000.0,51900.0,0.08125000000000004,3900.0,1049.047186736612,18139500,15562473.0,-0.0015064787171900074,0.1325384495714093,0.17876233658475163,0.05273833671399594,-0.16019018679445007,15562473.0
303,STG,29517947.0,0.0,0.0,35500.0,-0.030054644808743203,-1100.0,968.5040010242597,1010,948.4,-0.22664624808575806,-0.00997197584150262,-0.013045932133015551,-0.030054644808743168,-0.00015259572612735553,948.4
304,STK,17216189.0,-0.00045285676854533996,-600.0,24800.0,-0.009980039920159722,-250.0,178.88543819998318,34100,53672.8,-0.28884254431699685,0.010662924574241667,0.013960120662291598,-0.008,0.07199758354870393,53672.8
305,SVC,1040942.0,-9.605760382380701e-05,-100.0,22700.0,0.06074766355140193,1300.0,852.6429498916882,2400,5190.0,0.7142857142857142,0.028504778819780155,0.04188834593868772,0.08095238095238096,-0.03656624554583738,5190.0
306,SVD,49778.0,0.09938601528336055,4000.0,4060.0,0.046391752577319645,180.0,56.302753041036986,10900,41011.2,-0.8371408507522897,0.07213327048399013,0.11803194067305384,0.022670025188916875,-0.2443911472722305,41011.2
307,SZC,3831771.0,-0.25888391536923305,-673200.0,36950.0,0.012328767123287676,450.0,549.3177586788908,1888800,2337516.6,-0.5261570680943501,-0.025510608604753585,-0.03323172294227623,0.022130013831258646,-0.04947726807608109,2337516.6
308,SVI,12174667.0,0.0,0.0,57400.0,0.0,0.0,0.0,0,80.2,-1.0,0.0019100769060556762,0.0018260903331246757,0.0,-0.0013108410078644718,100.2
309,SVT,34565.0,0.0,0.0,12700.0,0.016000000000000014,200.0,44.721359549995796,16600,13380.8,0.2769230769230768,0.04835736777505757,0.04392117654180382,0.003952569169960474,0.017994934322907462,13380.8
310,TAL,10650.0,0.5106382978723405,3600.0,30900.0,0.10752688172043001,3000.0,1507.6471735787536,791600,1160932.8,0.059833179365653244,0.1263991294200606,0.16688627650757243,0.10357142857142858,1.8783783783783783,1160932.8
311,SZL,4754375.0,,4754375.0,44800.0,0.02752293577981657,1200.0,403.732584763727,26800,9230.4,2.3838383838383836,0.0337157302793412,0.037160596074516786,0.09803921568627451,0.0,11885.0
312,TBC,509104.0,-0.03194499376312021,-17000.0,38500.0,0.019867549668874274,750.0,273.861278752589,27202,9536.2,15.637308868501528,-0.02891142404174702,-0.034197777629664784,0.013157894736842105,-0.452755228398459,9536.2
313,TCB,1590552461.0,0.0,94000.0,36900.0,0.08849557522123885,3000.0,1202.9131306956458,44495300,29111037.6,0.6621226158208127,0.1608420775892453,0.2193556381253424,0.06956521739130435,0.0,29111037.6
314,TCD,2227668.0,0.02517294318185992,57400.0,2810.0,0.0,0.0,43.243496620879306,935900,1677440.0,-0.5454589606605148,-0.07670385416565675,-0.11747641502151149,0.018115942028985508,1.2039883491764483,1677440.0
315,TCH,81850568.0,-0.0003423483100877256,962700.0,24000.0,-0.024390243902439046,-600.0,414.7288270665544,5296100,9720168.6,-0.5907941865747022,0.13617491608728935,0.20618318727147597,0.008403361344537815,1.3962344162042055,9720168.6
316,TCL,1814394.0,0.0004962795575833567,1600.0,34850.0,0.02499999999999991,850.0,338.37848631378483,10400,47820.4,-0.8438602549281606,0.030706668632315515,0.03768473895569514,0.019005847953216373,-0.42710354796602773,47820.4
317,TCO,193276.0,,193276.0,11900.0,0.02586206896551735,300.0,122.47448713915891,110100,333360.8,-0.7067878219741355,-0.022700536816712632,-0.035520464935405976,0.12796208530805686,-0.14316620117923481,232432.2
318,TCM,56066968.0,-2.960657428607849e-05,44940.0,32150.0,0.040453074433656866,1250.0,263.62852652929814,1059100,2004571.4,-0.44490712375305885,-0.07735858905554574,-0.09782840521420925,-0.019817073170731708,0.10006448684631775,2004571.4
319,TCI,5958775.0,0.0036211898556155475,16400.0,9400.0,0.025081788440566966,230.0,129.7304898626379,283800,380909.4,-0.17588161501649402,0.039579184374187636,0.045571647341377204,0.025081788440567066,-0.0027410176777063282,380909.4
320,TCR,4959844.0,0.0,0.0,3000.0,0.0,0.0,4.47213595499958,500,2240.0,-0.5836802664446294,-0.019341728354064953,-0.025653257252626852,0.0033444816053511705,-0.009885684113655124,2240.0
321,TCT,1303590.0,,1303590.0,18000.0,0.0027855153203342198,50.0,70.71067811865969,5100,5706.0,3.6237533998186766,0.03124754710226186,0.03997680970439983,0.058823529411764705,-0.00034508143921965583,2742.8
322,TDC,1199440.0,-0.1505623070167984,34400.0,12850.0,0.05327868852459017,650.0,154.1103500742244,818000,1610026.0,-0.7154064938114829,0.04901157140042176,0.07170217420145793,0.028,0.29166487185009693,1610026.0
323,TDG,1437.0,,1437.0,3470.0,0.017595307917888547,60.0,36.46916505762094,221400,116436.4,0.7964071856287425,0.0026714304922427555,0.003719878658776798,0.08099688473520249,0.0,90431.6
324,TDH,1100742.0,-0.017582346966643514,21400.0,4860.0,0.03404255319148941,160.0,133.15404612703287,301800,526765.6,-0.49969248825901935,0.10693044072465825,0.18729832450138317,0.023157894736842106,-0.2997040381111371,526765.6
325,TDP,24047.0,0.07175647368186477,1710.0,36500.0,0.07669616519174038,2600.0,1237.739875741264,196000,147030.0,391.0,0.052956071000907406,0.0763624199772493,0.07038123167155426,-0.756085933379316,147030.0
326,TDM,2459632.0,8.131958923840443e-05,1100.0,58100.0,0.01573426573426584,900.0,194.93588689618883,1100,9189.2,-0.9665663657639585,0.08355228134019078,0.13865964886889295,0.005190311418685121,-0.28822760677893905,9189.2
327,TDW,250890.0,0.005611447352599219,1400.0,56300.0,0.02550091074681249,1400.0,581.3776741499325,2202,1280.6,,0.04535413018738905,0.044324710644222755,0.025500910746812388,-0.026841472402156626,1342.6
328,TEG,6219342.0,-0.0004339411402237703,-700.0,6120.0,-0.008103727714748765,-50.0,40.98780306383839,80700,105474.4,-0.2745219666118288,-0.022690390111431192,-0.030161384983441033,-0.009708737864077669,-0.0015732503770182153,105474.4
329,THG,454335.0,-0.02301532347894153,1498.0,53900.0,-0.011009174311926606,-600.0,585.6620185738632,57700,66401.6,-0.00025989777354240573,0.09670658429311714,0.13647785342349253,-0.02,-0.515420968934083,66401.6
330,TIP,11051392.0,0.0005703890922774679,2900.0,21450.0,0.033734939759036076,700.0,171.0263137648707,257500,233968.6,0.1253239403381654,0.009454261561233534,0.01019957310295287,0.02142857142857143,-0.010483967292958881,233968.6
331,TIX,0.0,-1.0,0.0,35000.0,0.0,0.0,0.0,100,20.6,,0.02101314076342623,0.03964668937025072,0.0,-1.0,40.6
332,TLG,12333757.0,-0.011840363006400678,-25480.0,52500.0,-0.03136531365313655,-1700.0,959.1663046625561,84900,341593.8,-0.9030260664562709,-0.03512482137531603,-0.05123119317041977,-0.03136531365313653,-0.37043226439466537,341593.8
333,TLD,23454.0,-0.46909025058288245,5200.0,7470.0,-0.0066489361702127825,-50.0,77.45966692414834,129200,235087.2,-0.5653007735089177,0.0990138726759608,0.12430362918208095,-0.015810276679841896,-0.9502075217340538,235087.2
334,TLH,1265161.0,0.050395986254432534,64900.0,6410.0,0.07912457912457915,470.0,177.76388834631177,872700,1398535.2,-0.6830784136707342,0.09928445940906983,0.15032545310816803,0.07011686143572621,0.1821172623218874,1398535.2
335,TMP,453684.0,-0.00022036916242085258,0.0,63000.0,-0.014084507042253502,-900.0,356.3705936241239,500,4443.2,-0.8599439775910365,-0.02437817698128123,-0.030817695838693742,-0.01098901098901099,-0.20306909144564536,4443.2
336,TMS,72051964.0,-9.71511615444065e-06,-200.0,41900.0,-0.0023809523809523725,-100.0,238.74672772626644,7500,4226.6,7.333333333333334,0.008283249863907195,0.007797120055058276,-0.01411764705882353,-0.0011660600515866685,4226.6
337,TN1,19491.0,0.0,0.0,10650.0,0.02898550724637672,300.0,167.33200530681668,4500,6201.6,-0.34961699667582025,0.07087879542008854,0.09887833465005358,0.03902439024390244,-0.7277451076252601,6201.6
338,TNC,106393.0,0.0018833633101993374,200.0,32900.0,0.006793561417467453,222.0,1034.1831075781515,1800,2697.4,0.7982017982017982,0.02233453277312199,0.03307509802222746,0.027771703476929806,-0.008379003094359318,2697.4
339,TNT,838299.0,-0.142719962694008,-7660.0,6550.0,0.09166666666666656,550.0,77.33045971672482,237600,260892.4,-0.3242935796514538,0.13002442277278695,0.2014813978319629,0.025039123630672927,0.0896070625026808,260892.4
340,TPB,645710321.0,-0.003691536189838085,-330700.0,17900.0,0.16993464052287588,2600.0,948.9467845985895,65979700,38542094.6,2.3669586769006754,0.0604105857899374,0.07976510287144332,0.12578616352201258,-0.18531285942669518,38542094.6
341,TNI,67388.0,0.00747518239445033,0.0,2790.0,0.010869565217391353,30.0,38.34057902536163,22000,235234.4,-0.6080387685290765,0.08524051124327056,0.10552803233766296,0.025735294117647058,-0.004402682977277428,235234.4
342,TNH,79046783.0,-0.0012811412234188246,-92600.0,15750.0,-0.03669724770642202,-600.0,198.11612756158948,276200,537515.0,-0.6795976061463433,-0.06709136458722254,-0.08736438420572201,-0.03076923076923077,0.08097940090435642,537515.0
343,TPC,397102.0,0.0,0.0,8840.0,0.040000000000000036,340.0,104.78549517943789,1900,5332.0,0.4592933947772657,0.04843882498321588,0.06232417587089754,-0.02643171806167401,-0.0671831468961856,5332.0
344,TMT,899191.0,-0.006628435324699478,1400.0,13300.0,0.05555555555555558,700.0,159.68719422671458,49400,57115.8,-0.5587670486517387,0.062100536019892724,0.11404500187218578,-0.011152416356877323,-0.05982488645013425,57115.8
345,TRA,19208568.0,4.164981584531269e-05,400.0,68000.0,-0.01449275362318836,-1000.0,580.5170109479503,2600,3983.2,5.878306878306878,-0.04979254278410055,-0.05581523041005037,-0.0072992700729927005,-0.0068265214357136955,3983.2
346,TRC,682316.0,-0.08807617051760452,43800.0,66200.0,0.007656361782121035,503.0,723.1873892705578,44200,181996.4,-0.8012017846862407,0.0838488796893108,0.11731732683326879,-0.0015082956259426848,-0.1197240155021958,181996.4
347,TTF,23024337.0,-0.002270684975956505,-15600.0,3410.0,0.13666666666666671,410.0,179.66635745180565,1646500,2232880.2,-0.08626866864378191,0.03110241252802326,0.03914337523686406,0.12171052631578948,0.005775743424002969,2232880.2
348,TTE,13270.0,0.0,0.0,39950.0,0.0,0.0,0.0,0,11.2,-1.0,0.03554800169929251,0.011694138888424929,0.0,-0.0074794315632011965,11.2
349,TTA,2826304.0,-0.03172423622017029,89500.0,11850.0,0.04867256637168138,550.0,160.4680653588121,522900,1022324.8,-0.4583306141095086,-0.00975424189671825,-0.014247156481568195,0.021551724137931036,-0.36834012454832016,1022324.8
350,TV2,6397605.0,-0.04631572356951574,71400.0,40250.0,0.03205128205128216,1250.0,528.441103624614,417600,908988.4,-0.6002263086700919,0.07315925277229023,0.11080695474513073,0.0012437810945273632,-0.018073746324455953,908988.4
351,TVS,36863138.0,5.7052114787348174e-05,130100.0,20300.0,0.051813471502590636,1000.0,391.47158262126766,508500,306406.8,2.2407112357402332,0.026077459130125106,0.027122113166445302,0.043701799485861184,0.002058067284781836,306406.8
352,TYA,2313070.0,-0.014779982706994321,400.0,17000.0,0.011904761904761862,200.0,67.08203932500064,19600,25187.0,-0.2687658558424115,0.08884453901065081,0.1222070251395453,0.0,-0.026970157535200278,25187.0
353,VCA,18575.0,,18575.0,9730.0,-0.027000000000000024,-270.0,136.63820841916802,19100,27755.2,0.01866666666666661,-0.04143858196206137,-0.06017635782256612,0.0041279669762641896,-0.04621309370988447,10597.6
354,VAB,591601.0,-0.5530029822417966,-229700.0,16850.0,0.05312500000000009,850.0,139.64240043768942,1705800,1695450.2,0.03416729162511234,0.16934286914497987,0.2046330352459319,0.002976190476190476,-0.30902667063777106,1695450.2
355,VAF,7234.0,-0.01363512407962908,-100.0,20450.0,0.07068062827225141,1350.0,383.07962618755124,100,12232.6,-0.9958106409719313,0.11691567241043621,0.1680914273177985,0.04336734693877551,-0.4492157758489417,12232.6
356,VCB,1836538106.0,-0.0028901729459335224,-360746.0,62100.0,0.0180327868852459,1100.0,784.2193570679013,6492600,5816888.2,0.06824293074289156,0.012350583188137747,0.014587651993470072,0.019704433497536946,0.4322994222230254,5816888.2
357,VCF,135353.0,-0.0029244935543277784,100.0,300000.0,-0.07975460122699385,-26000.0,11333.490194992892,2100,2539.2,1.0874751491053676,0.13471772657777573,0.21097255482112479,-0.08088235294117647,-0.1011879860018195,2539.2
358,VCG,59872664.0,0.0678771518274317,981207.0,26800.0,0.0872210953346857,2150.0,567.4504383644439,9079600,15190934.4,-0.4609104886741091,0.16612091706406173,0.22252266864861325,0.05511811023622047,1.0525144703202198,15190934.4
359,VCI,211419194.0,-0.006943707913665831,-1304424.0,47650.0,0.1385902031063322,5800.0,2161.133961604418,13909800,17774836.0,-0.09346556543633644,0.12573158395623,0.16272808423062332,0.13723150357995226,0.16513357495590997,17774836.0
360,VDP,48161.0,0.0,0.0,36500.0,-0.0641025641025641,-2500.0,1515.5856953666375,300,8980.2,-0.5833333333333333,0.036527065022996345,0.0466204309081394,-0.08521303258145363,0.0980369804610018,8980.2
361,VFG,647758.0,0.0018559819846015735,200.0,59000.0,0.006843120189764296,401.0,229.52821177359147,8900,27799.0,-0.6941896024464832,-0.08575660982581394,-0.10559329247454978,0.008547008547008548,-0.2701318309859155,27799.0
362,VDS,3504718.0,-0.2501701961781063,-46700.0,18300.0,0.05780346820809257,1000.0,490.6628170138826,4471000,4025717.4,0.08184151638804793,0.008126932948658863,0.011138856740971365,0.07017543859649122,-0.5394226773667629,4025717.4
363,VGC,26014351.0,0.06280655012394676,1174994.0,57600.0,0.010526315789473717,600.0,1762.952069683121,1149500,2395937.2,-0.5203455681724769,0.06691397159051435,0.09093005131798404,-0.05263157894736842,0.321151469490746,2395937.2
364,VHM,431368789.0,-0.0012381213695915605,873736.0,97100.0,0.05428881650380024,5000.0,2941.598205057924,4674800,6162516.0,-0.4019383910059967,0.25255011560396795,0.3460286764363873,0.06120218579234973,-0.1467472259124075,6162516.0
365,VHC,44238580.0,-0.05861409161196107,202186.0,58300.0,0.06581352833638032,3600.0,1221.8837915284744,893700,1399890.4,-0.25024287198004,-0.03880668526376632,-0.05408655087109244,0.04107142857142857,-0.2981781315661577,1399890.4
366,VIB,148658477.0,0.0,130700.0,19750.0,0.06469002695417791,1200.0,265.9887215654056,12957500,22157709.4,-0.3889084345963424,0.08653930056563429,0.09718888260648158,0.020671834625323,0.0,22157709.4
367,VID,395993.0,-0.08839921453614585,500.0,5180.0,-0.04233684599741172,-229.0,120.49896265113587,6700,39686.0,-0.823823297396792,0.056516234211328724,0.08167057570826579,-0.040740740740740744,0.42896888690016527,39686.0
368,VJC,43082904.0,0.004494577085810247,450900.0,128900.0,0.08960270498732048,10600.0,4770.429750033009,1706300,2474612.6,-0.3843579361648851,0.09161653431280603,0.1471863573521159,0.08593091828138164,-0.39336535119553884,2474612.6
369,VMD,181411.0,0.0027637899298549318,500.0,16800.0,-0.00591715976331364,-100.0,44.721359549995796,7100,5362.4,-0.5203674930757278,0.01330081556604024,0.015344080830153766,-0.002967359050445104,-0.006190390104140987,5362.4
370,VNG,3209777.0,-0.0009648673136257724,-2100.0,7660.0,-0.017948717948717996,-140.0,90.9945053286186,5700,11693.2,-0.4,-0.02911526224900969,-0.03720739173445555,-0.017948717948717947,9.456900567839376,11693.2
371,VND,265451312.0,-0.0018199389236399632,833390.0,23850.0,0.1330166270783848,2800.0,690.4708538381614,40003800,51295554.0,-0.24257750550352442,0.18570532144055854,0.3113250472591228,0.06950672645739911,0.5067378121151225,51295554.0
372,VNE,799169.0,-0.13712400220694065,20500.0,5950.0,0.13766730401529648,720.0,295.0932056147684,767400,683903.4,2.0667417966455264,0.12926642072709407,0.23121828985812243,0.12476370510396975,-0.6310102824321392,683903.4
373,VNL,1580693.0,0.0,0.0,22250.0,-0.011111111111111072,-250.0,234.5207879911619,9700,23204.4,-0.8088707611672676,0.11390109898398956,0.16681027548460128,-0.02197802197802198,-0.06842319599385428,23204.4
374,VNM,1025605467.0,0.0009202239330796669,96293.0,60700.0,-0.039556962025316444,-2500.0,1128.2730166054657,4299600,6012057.2,-0.5937038267588497,0.005838943121440205,0.007348199866413399,-0.034976152623211444,-0.04694713304352516,6012057.2
375,VNS,1728418.0,0.0002893655833204889,200.0,9720.0,-0.006134969325153339,-60.0,30.49590136395095,19200,33458.6,-0.15855903234288715,0.016464138397813726,0.02043994450162122,-0.007150153217568948,-0.023789930636941632,33458.6
376,VPB,2028895025.0,-0.008556397215546463,-3679811.0,27200.0,0.15254237288135597,3600.0,741.9568720619799,35115100,51035593.2,-0.3640227911559304,0.14555995608006944,0.19804095249286313,0.07722772277227723,0.01859538569987776,51035593.2
377,VOS,1378784.0,-0.40847214321077907,-866600.0,15650.0,0.036423841059602724,550.0,515.5094567512806,1002600,3105321.4,-0.7058705319882665,-0.019002865946085662,-0.026734413025781563,0.050335570469798654,-0.23773130103549886,3105321.4
378,VPG,972356.0,-0.1945734790301311,196900.0,8890.0,0.06979542719614917,580.0,199.69977466186586,876400,1153908.0,-0.5438887388294636,-0.052469263713556896,-0.07840080730724776,0.057074910820451845,5.410321321677676,1153908.0
379,VPH,436594.0,0.06800491200947167,38100.0,5880.0,0.03157894736842115,180.0,99.84988733093293,128000,249225.6,-0.6632651182123587,-0.04460944098814994,-0.061998480268452116,0.046263345195729534,-0.17135970239902823,249225.6
380,VPD,33189126.0,-4.519348324438788e-05,0.0,25700.0,0.0019493177387914784,50.0,41.83300132674483,8100,12727.6,0.9373355656541498,-0.006693691971586456,-0.008746567354690139,0.001949317738791423,0.00024670789917344114,12727.6
381,VPL,1615159.0,-0.018473965381976543,-28900.0,85200.0,-0.009302325581395321,-800.0,1599.0622251807533,234200,269129.0,-0.10349262735610709,0.007345617506727226,0.011709527955707287,-0.0011723329425556857,0.3815405012402703,269129.0
382,VPI,37591830.0,-0.016757980703866582,-157900.0,52600.0,-0.018656716417910446,-1000.0,415.9326868617084,1443800,1619154.8,-0.06186627403407252,-0.048782853369622174,-0.08487712576356723,0.007662835249042145,0.05493025816442315,1619154.8
383,VPS,13015.0,0.0,0.0,9010.0,0.0011111111111110628,10.0,87.86353054595568,400,2310.6,-0.8866213151927438,0.036288745326154406,0.04941416239081354,0.0011111111111111111,0.21465235650956602,2310.6
384,VRC,55805.0,0.007219565021207464,800.0,12950.0,0.015686274509803866,200.0,280.6243040080456,109400,41878.0,2.4647664291369753,0.03987412212453447,0.06679806670916287,-0.011450381679389313,-0.20928090683669856,41878.0
385,VRE,429613512.0,-0.0001825261130915523,1371795.0,30100.0,0.07499999999999996,2100.0,848.2334584299301,6188800,5074403.0,0.11072803405553033,0.1878010256075477,0.27736174635470395,0.0711743772241993,-0.02180469694983775,5074403.0
386,VSH,26156857.0,-0.0010807649539775754,-22400.0,47500.0,-0.02862985685071573,-1400.0,311.4482300479551,2700,12090.6,-0.8684274645485113,-0.007614675388827223,-0.008314252834726612,-0.008350730688935281,-0.072543638413079,12090.6
387,VSC,16749183.0,-0.08308980196675064,134000.0,26200.0,0.14660831509846828,3350.0,782.6237921249264,13234700,30019686.2,-0.6176316733308413,0.18426444034546594,0.28922068795744255,0.07377049180327869,1.4183783484081458,30019686.2
388,VSI,103566.0,0.0,0.0,23000.0,0.22994652406417115,4300.0,1621.1878361250845,41800,35091.2,-0.29510961214165266,0.09716124093949738,0.13672293672620806,0.22666666666666666,-0.4022716516800757,35091.2
389,VTB,223519.0,-0.010623276484049593,-1100.0,10150.0,0.004950495049504955,50.0,65.19202405202648,2000,3960.2,-0.8461656795631105,0.0014006571833831006,0.0014789699838280968,0.0049504950495049506,0.0688603139839039,3960.2
390,VTO,9760395.0,-0.07846862034113222,-291400.0,12800.0,0.015873015873015817,200.0,152.47950681977403,243300,621224.8,-0.7315579897632348,-0.01049861967271926,-0.013738398867618889,0.015873015873015872,-0.09538081767776785,621224.8
391,VTP,6394474.0,-0.030012472077382113,-186600.0,115000.0,0.00877192982456143,1000.0,2449.48974278319,390600,987302.8,-0.5773852415915244,-0.041815963332258274,-0.05894665724000189,0.008771929824561403,-0.31344334818973024,987302.8
392,YBM,26946.0,-0.021781746896101017,26946.0,14600.0,0.0034364261168384758,50.0,54.772255750516614,7800,20243.0,-0.792702049060515,0.08218431273563878,0.13614522565426432,0.006896551724137931,-0.24194002138074608,20243.0
393,YEG,22969692.0,-0.031104738897785644,774297.0,15200.0,0.1692307692307693,2200.0,1072.3805294763613,8497100,6397736.0,1.2628942441617377,-0.0029008948310942934,-0.004678250904754485,0.1875,0.9454108861130863,6397736.0
